Workbook

Sheet Reset
A1: Field | B1: Value | C1: Notes
A2: Reset name | B2: Spring Reset MAR26
A3: Date suffix | B3: MAR26
A4: Prior reset to clone | B4: Fall Reset SEP25 | C4: Tool inherits unchanged fixtures from this reset
A5: LOB | C5: iPhone / iPad / Mac / Watch / AVP — LOB owner fills this in
A6: Mode | B6: T-12 forecast | C6: or "T-6 finalized" — controls buffer application
A7: Buffer % | B7: 10 | C7: Applied at T-12 forecast mode; 0 at finalized

Sheet New Products
A1: Code | B1: Color | C1: Notes

Sheet Per-Fixture Quantities
A1: Fixture Type | B1: Size | C1: Class | D1: =IF(ISBLANK('New Products'!A2),"",'New Products'!A2&" "&'New Products'!B2) | E1: =IF(ISBLANK('New Products'!A3),"",'New Products'!A3&" "&'New Products'!B3) | F1: =IF(ISBLANK('New Products'!A4),"",'New Products'!A4&" "&'New Products'!B4) | G1: =IF(ISBLANK('New Products'!A5),"",'New Products'!A5&" "&'New Products'!B5) | H1: =IF(ISBLANK('New Products'!A6),"",'New Products'!A6&" "&'New Products'!B6) | I1: =IF(ISBLANK('New Products'!A7),"",'New Products'!A7&" "&'New Products'!B7) | J1: =IF(ISBLANK('New Products'!A8),"",'New Products'!A8&" "&'New Products'!B8) | K1: =IF(ISBLANK('New Products'!A9),"",'New Products'!A9&" "&'New Products'!B9) | L1: =IF(ISBLANK('New Products'!A10),"",'New Products'!A10&" "&'New Products'!B10) | M1: =IF(ISBLANK('New Products'!A11),"",'New Products'!A11&" "&'New Products'!B11) | N1: =IF(ISBLANK('New Products'!A12),"",'New Products'!A12&" "&'New Products'!B12) | O1: =IF(ISBLANK('New Products'!A13),"",'New Products'!A13&" "&'New Products'!B13) | P1: =IF(ISBLANK('New Products'!A14),"",'New Products'!A14&" "&'New Products'!B14) | Q1: =IF(ISBLANK('New Products'!A15),"",'New Products'!A15&" "&'New Products'!B15) | R1: =IF(ISBLANK('New Products'!A16),"",'New Products'!A16&" "&'New Products'!B16) | S1: =IF(ISBLANK('New Products'!A17),"",'New Products'!A17&" "&'New Products'!B17) | T1: =IF(ISBLANK('New Products'!A18),"",'New Products'!A18&" "&'New Products'!B18) | U1: =IF(ISBLANK('New Products'!A19),"",'New Products'!A19&" "&'New Products'!B19) | V1: =IF(ISBLANK('New Products'!A20),"",'New Products'!A20&" "&'New Products'!B20) | W1: =IF(ISBLANK('New Products'!A21),"",'New Products'!A21&" "&'New Products'!B21) | X1: Notes
A2: ━━━━━ iPhone ━━━━━
A3: iPhone Assortment | B3: 7 ft | C3: Table
A4: iPhone Assortment | B4: 8 ft | C4: Table
A5: iPhone Assortment | B5: 10 ft | C5: Table
A6: iPhone Assortment | B6: 12 ft | C6: Table
A7: iPhone Assortment | B7: 24-34 ft | C7: Wall
A8: iPhone Hero Comparison | B8: 10 ft | C8: Wall
A9: iPhone Hero Comparison | B9: 12-17 ft | C9: Wall
A10: iPhone Hero Comparison | B10: 18-23 ft | C10: Wall
A11: iPhone Hero Comparison | B11: 24-34 ft | C11: Wall
A12: iPhone Hero Comparison 1 | B12: 7 ft | C12: Table
A13: iPhone Hero Comparison 1 | B13: 8 ft | C13: Table
A14: iPhone Hero Comparison 1 | B14: 10 ft | C14: Table
... A33: Service & Learning Merchandised | B33: Various | C33: S&L
A34: ━━━━━ iPad ━━━━━
A35: iPad Asst Table | B35: 7 ft | C35: Table
A36: iPad Asst Table | B36: 8 ft | C36: Table
A37: iPad Asst Table | B37: 10 ft | C37: Table
A38: iPad Asst Table | B38: 12 ft | C38: Table
A39: iPad Asst Table | B39: 15 ft | C39: Table
A40: iPad Comp Table | B40: 7 ft | C40: Table
A41: iPad Comp Table | B41: 8 ft | C41: Table
A42: iPad Comp Table | B42: 10 ft | C42: Table
A43: iPad Comp Table | B43: 12 ft | C43: Table
A44: iPad Comp Table | B44: 15 ft | C44: Table
A45: iPad Comp Wall | B45: 10 ft | C45: Wall
A46: iPad Comp Wall | B46: 12-17 ft | C46: Wall
... A48: iPad Comp Wall | B48: 24-34 ft | C48: Wall
A49: ━━━━━ Mac ━━━━━
A50: Desktop Comp Table | B50: 7 ft | C50: Table
A51: Desktop Comp Table | B51: 8 ft | C51: Table
A52: Desktop Comp Table | B52: 10 ft | C52: Table
A53: Desktop Comp Table | B53: 12 ft | C53: Table
A54: Desktop Comp Table | B54: 15 ft | C54: Table
A55: Desktop Comp Wall | B55: 10 ft | C55: Wall
A56: Desktop Comp Wall | B56: 12-17 ft | C56: Wall
A57: Desktop Comp Wall | B57: 18-23 ft | C57: Wall
A58: Desktop Comp Wall | B58: 24-34 ft | C58: Wall
A59: Mac Comp Table | B59: 7 ft | C59: Table
A60: Mac Comp Table | B60: 8 ft | C60: Table
A61: Mac Comp Table | B61: 10 ft | C61: Table
... A85: iMac 24-inch Colors Wall | B85: 24-34 ft | C85: Wall
A86: ━━━━━ Mac+iPad ━━━━━
A87: Mac | iPad Table 1 | B87: 7 ft | C87: Table
A88: Mac | iPad Table 1 | B88: 8 ft | C88: Table
A89: Mac | iPad Table 1 | B89: 10 ft | C89: Table
A90: Mac | iPad Table 1 | B90: 12 ft | C90: Table
A91: Mac | iPad Table 1 | B91: 15 ft | C91: Table
A92: Mac | iPad Table 2 | B92: 7 ft | C92: Table
A93: Mac | iPad Table 2 | B93: 8 ft | C93: Table
A94: Mac | iPad Table 2 | B94: 10 ft | C94: Table
A95: Mac | iPad Table 2 | B95: 12 ft | C95: Table
A96: Mac | iPad Table 2 | B96: 15 ft | C96: Table
A97: Mac | iPad Wall | B97: 10 ft | C97: Wall
A98: Mac | iPad Wall | B98: 12-17 ft | C98: Wall
... A100: Mac | iPad Wall | B100: 24-34 ft | C100: Wall
A101: ━━━━━ Watch ━━━━━
A102: Watch Center Display | B102: Various | C102: Other
A103: Watch Combined | B103: Various | C103: Other
A104: Watch Discovery | B104: Various | C104: Other
A105: Watch Experience Table | B105: 7 ft | C105: Table
A106: Watch Experience Table | B106: 8 ft | C106: Table
A107: Watch Experience Table | B107: 10 ft | C107: Table
A108: Watch Experience Table | B108: 12 ft | C108: Table
A109: Watch Experience Table | B109: 15 ft | C109: Table
A110: Watch Personalisation | B110: Various | C110: Other
A111: ━━━━━ AVP ━━━━━
A112: AVP Center Display | B112: Various | C112: Other
A113: Apple Vision Pro Combined | B113: Various | C113: Other
A114: Apple Vision Pro Experience | B114: Various | C114: Other
A115: Apple Vision Pro Table | B115: 7 ft | C115: Table
A116: Apple Vision Pro Table | B116: 8 ft | C116: Table
A117: Apple Vision Pro Table | B117: 10 ft | C117: Table
A118: Apple Vision Pro Table | B118: 12 ft | C118: Table
A119: Apple Vision Pro Table | B119: 15 ft | C119: Table
A120: Apple Vision Pro Wall | B120: 10 ft | C120: Wall
A121: Apple Vision Pro Wall | B121: 12-17 ft | C121: Wall
A122: Apple Vision Pro Wall | B122: 18-23 ft | C122: Wall
A123: Apple Vision Pro Wall | B123: 24-34 ft | C123: Wall
A124: ━━━━━ Cross-LOB ━━━━━
A125: Continuity Table | B125: 7 ft | C125: Table
A126: Continuity Table | B126: 8 ft | C126: Table
A127: Continuity Table | B127: 10 ft | C127: Table
A128: Continuity Table | B128: 12 ft | C128: Table
A129: Continuity Table | B129: 15 ft | C129: Table
A130: Continuity Wall | B130: 10 ft | C130: Wall
A131: Continuity Wall | B131: 12-17 ft | C131: Wall
A132: Continuity Wall | B132: 18-23 ft | C132: Wall
A133: Continuity Wall | B133: 24-34 ft | C133: Wall
A134: ━━━━━ Spotlight ━━━━━
A135: Spring Spotlight Table | B135: 7 ft | C135: Table
A136: Spring Spotlight Table | B136: 8 ft | C136: Table
A137: Spring Spotlight Table | B137: 10 ft | C137: Table
A138: Spring Spotlight Table | B138: 12 ft | C138: Table
A139: Spring Spotlight Table | B139: 15 ft | C139: Table
A140: Spring Spotlight Wall | B140: 10 ft | C140: Wall
A141: Spring Spotlight Wall | B141: 12-17 ft | C141: Wall
A142: Spring Spotlight Wall | B142: 18-23 ft | C142: Wall
A143: Spring Spotlight Wall | B143: 24-34 ft | C143: Wall
...

Sheet Avenue Quantities
A1: Category | B1: Canonical Variant | C1: =IF(ISBLANK('New Products'!A2),"",'New Products'!A2&" "&'New Products'!B2) | D1: =IF(ISBLANK('New Products'!A3),"",'New Products'!A3&" "&'New Products'!B3) | E1: =IF(ISBLANK('New Products'!A4),"",'New Products'!A4&" "&'New Products'!B4) | F1: =IF(ISBLANK('New Products'!A5),"",'New Products'!A5&" "&'New Products'!B5) | G1: =IF(ISBLANK('New Products'!A6),"",'New Products'!A6&" "&'New Products'!B6) | H1: =IF(ISBLANK('New Products'!A7),"",'New Products'!A7&" "&'New Products'!B7) | I1: =IF(ISBLANK('New Products'!A8),"",'New Products'!A8&" "&'New Products'!B8) | J1: =IF(ISBLANK('New Products'!A9),"",'New Products'!A9&" "&'New Products'!B9) | K1: =IF(ISBLANK('New Products'!A10),"",'New Products'!A10&" "&'New Products'!B10) | L1: =IF(ISBLANK('New Products'!A11),"",'New Products'!A11&" "&'New Products'!B11) | M1: =IF(ISBLANK('New Products'!A12),"",'New Products'!A12&" "&'New Products'!B12) | N1: =IF(ISBLANK('New Products'!A13),"",'New Products'!A13&" "&'New Products'!B13) | O1: =IF(ISBLANK('New Products'!A14),"",'New Products'!A14&" "&'New Products'!B14) | P1: =IF(ISBLANK('New Products'!A15),"",'New Products'!A15&" "&'New Products'!B15) | Q1: =IF(ISBLANK('New Products'!A16),"",'New Products'!A16&" "&'New Products'!B16) | R1: =IF(ISBLANK('New Products'!A17),"",'New Products'!A17&" "&'New Products'!B17) | S1: =IF(ISBLANK('New Products'!A18),"",'New Products'!A18&" "&'New Products'!B18) | T1: =IF(ISBLANK('New Products'!A19),"",'New Products'!A19&" "&'New Products'!B19) | U1: =IF(ISBLANK('New Products'!A20),"",'New Products'!A20&" "&'New Products'!B20) | V1: =IF(ISBLANK('New Products'!A21),"",'New Products'!A21&" "&'New Products'!B21) | W1: Notes
A2: ━━━━━ Vin C ━━━━━
A3: FEATURE BAY | B3: FB1
A4: FEATURE BAY | B4: FB2
A5: FEATURE BAY | B5: FB3
A6: FEATURE BAY | B6: FB4
A7: FEATURE BAY | B7: FB5
A8: FEATURE BAY | B8: FB6
A9: ━━━━━ Vin D ━━━━━
A10: AIRPODS | B10: AIRPODS_5FT
A11: AIRPODS | B11: AIRPODS_10FT
A12: AIRPODS | B12: AIRPODS_15FT
A13: AIRTAG | B13: AIRTAG_5FT
A14: AIRTAG | B14: AIRTAG_10FT
A15: APPLE MUSIC | B15: APPLE_MUSIC_5FT
A16: APPLE MUSIC | B16: APPLE_MUSIC_HPM_5FT
A17: APPLE MUSIC | B17: APPLE_MUSIC_10FT
A18: APPLE MUSIC | B18: APPLE_MUSIC_15FT
A19: APPLE TV PLUS | B19: TV_PLUS_5FT
A20: APPLE TV PLUS | B20: TV_PLUS_7.5FT
A21: APPLE TV PLUS | B21: TV_PLUS_10FT
... A45: WATCH | B45: WATCH_15FT
A46: ━━━━━ Vin E ━━━━━
A47: AIRPODS | B47: E_AIRPODS_10FT
A48: APPLE MUSIC | B48: E_APPLE_MUSIC_10FT
A49: APPLE TV PLUS | B49: E_TV_PLUS_10FT
A50: APPLE VISION PRO | B50: E_AVP_10FT
A51: IPAD HERO | B51: E_IPAD_ACC_10FT
A52: IPHONE HERO | B52: E_IPHONE_MAC_ACC_10FT
A53: WATCH | B53: E_WATCH_10FT
A54: WATCH | B54: E_WATCH_STUDIO_10FT
A55: ━━━━━ iPhone Cases ━━━━━
A56: IPHONE CASES | B56: 10FT (D.2)
A57: IPHONE CASES | B57: 10FT (Vin E)
A58: IPHONE CASES | B58: 15FT (D.2)
A59: IPHONE CASES | B59: 20FT (D.2)
A60: IPHONE CASES | B60: 20FT (Vin E)
A61: IPHONE CASES | B61: 30FT (D.2)
A62: TOTAL (per-avenue qty sum) | C62: =SUM(C2:C61) | D62: =SUM(D2:D61) | E62: =SUM(E2:E61) | F62: =SUM(F2:F61) | G62: =SUM(G2:G61) | H62: =SUM(H2:H61) | I62: =SUM(I2:I61) | J62: =SUM(J2:J61) | ... V62: =SUM(V2:V61)

Sheet Programs
A1: Program | B1: Store # | C1: Store Name | D1: Count | E1: Notes
A2: ━━━━━ Today at Apple High Profile ━━━━━
A3: Today at Apple High Profile | B3: R032 | C3: SoHo | D3: 1
A4: Today at Apple High Profile | B4: R035 | C4: Michigan Avenue | D4: 1
A5: Today at Apple High Profile | B5: R050 | C5: The Grove | D5: 1
A6: Today at Apple High Profile | B6: R051 | C6: Third Street Promenade | D6: 1
A7: Today at Apple High Profile | B7: R075 | C7: Union Square (San Francisco) | D7: 1
A8: Today at Apple High Profile | B8: R087 | C8: Aventura | D8: 1
A9: Today at Apple High Profile | B9: R092 | C9: Regent Street | D9: 1
A10: Today at Apple High Profile | B10: R095 | C10: Fifth Avenue (5th) | D10: 1
A11: Today at Apple High Profile | B11: R224 | C11: Omotesando (Tokyo) | D11: 1
A12: Today at Apple High Profile | B12: R238 | C12: Sydney (George St) | D12: 1
A13: Today at Apple High Profile | B13: R245 | C13: Covent Garden | D13: 1
A14: Today at Apple High Profile | B14: R320 | C14: Sanlitun (Beijing) | D14: 1
... A36: Today at Apple High Profile | B36: R744 | C36: APPLE BKC | D36: 1
A37: ━━━━━ Today at Apple ━━━━━
A38: ━━━━━ Boardrooms ━━━━━
A39: Boardrooms | B39: R048 | C39: FUKUOKA | D39: 1
A40: Boardrooms | B40: R092 | C40: Regent Street | D40: 1
A41: Boardrooms | B41: R118 | C41: BIRMINGHAM | D41: 1
A42: Boardrooms | B42: R119 | C42: SHIBUYA | D42: 1
A43: Boardrooms | B43: R135 | C43: GLASGOW | D43: 1
A44: Boardrooms | B44: R180 | C44: CHADSTONE | D44: 1
A45: Boardrooms | B45: R238 | C45: SYDNEY | D45: 1
A46: Boardrooms | B46: R245 | C46: Covent Garden | D46: 1
A47: Boardrooms | B47: R320 | C47: SANLITUN | D47: 1
A48: Boardrooms | B48: R358 | C48: Kurfurstendamm | D48: 1
A49: Boardrooms | B49: R368 | C49: Passeig de Gracia | D49: 1
A50: Boardrooms | B50: R382 | C50: VIA DEL CORSO | D50: 1
... A80: Boardrooms | B80: R744 | C80: APPLE BKC, G1-G2, F1-F2, S1-S2 | D80: 1
A81: ━━━━━ On Demand Demo ━━━━━
A82: ━━━━━ Flagship ━━━━━
A83: Flagship | B83: R006 | C83: Lenox Square | D83: 1
A84: Flagship | B84: R014 | C84: Broadway Plaza (Walnut Creek) | D84: 1
A85: Flagship | B85: R031 | C85: Scottsdale Fashion Square (Biltmore) | D85: 1
A86: Flagship | B86: R032 | C86: SoHo | D86: 1
A87: Flagship | B87: R039 | C87: Valley Fair | D87: 1
A88: Flagship | B88: R048 | C88: Fukuoka Tenjin | D88: 1
A89: Flagship | B89: R050 | C89: The Grove | D89: 1
A90: Flagship | B90: R051 | C90: Third Street Promenade | D90: 1
A91: Flagship | B91: R072 | C91: University Village | D91: 1
A92: Flagship | B92: R077 | C92: Pioneer Place | D92: 1
A93: Flagship | B93: R079 | C93: Ginza (Tokyo) | D93: 1
A94: Flagship | B94: R087 | C94: Aventura | D94: 1
... A157: Flagship | B157: R824 | C157: Apple Park Visitor Center | D157: 1
A158: ━━━━━ Flagship+ ━━━━━
A159: Flagship+ | B159: R035 | C159: Michigan Avenue | D159: 1
A160: Flagship+ | B160: R075 | C160: Union Square (San Francisco) | D160: 1
A161: Flagship+ | B161: R095 | C161: Fifth Avenue (5th) | D161: 1
A162: Flagship+ | B162: R245 | C162: Covent Garden | D162: 1
A163: Flagship+ | B163: R424 | C163: SAINTE-CATHERINE | D163: 1
A164: Flagship+ | B164: R516 | C164: Carnegie Library | D164: 1
A165: Flagship+ | B165: R597 | C165: Dubai Mall | D165: 1
A166: Flagship+ | B166: R633 | C166: Marina Bay Sands | D166: 1
A167: Flagship+ | B167: R667 | C167: PIAZZA LIBERTY | D167: 1
A168: Flagship+ | B168: R675 | C168: CHAMPS-ELYSEES | D168: 1
A169: Flagship+ | B169: R678 | C169: Jing'an | D169: 1
A170: Flagship+ | B170: R697 | C170: Sands Cotai Central | D170: 1
A171: Flagship+ | B171: R733 | C171: Central World | D171: 1
A172: ━━━━━ Accessibility Equipment ━━━━━
A173: ━━━━━ Apple Vision Pro Equipment ━━━━━
A174: Apple Vision Pro Equipment | B174: R001 | C174: Glendale Galleria | D174: 1
A175: Apple Vision Pro Equipment | B175: R002 | C175: Palo Alto | D175: 1
A176: Apple Vision Pro Equipment | B176: R003 | C176: Bellevue Square | D176: 1
A177: Apple Vision Pro Equipment | B177: R004 | C177: South Coast Plaza | D177: 1
A178: Apple Vision Pro Equipment | B178: R005 | C178: Nagoya Sakae | D178: 1
A179: Apple Vision Pro Equipment | B179: R006 | C179: Lenox Square | D179: 1
A180: Apple Vision Pro Equipment | B180: R007 | C180: Mall of America | D180: 1
A181: Apple Vision Pro Equipment | B181: R009 | C181: Easton Town Center | D181: 1
A182: Apple Vision Pro Equipment | B182: R010 | C182: Tysons Corner | D182: 1
A183: Apple Vision Pro Equipment | B183: R011 | C183: MarketStreet Lynnfield | D183: 1
A184: Apple Vision Pro Equipment | B184: R012 | C184: The Falls | D184: 1
A185: Apple Vision Pro Equipment | B185: R013 | C185: Tice's Corner | D185: 1
... A653: Apple Vision Pro Equipment | B653: R900 | C653: Mock Store - Classic + NSD | D653: 1

Sheet Program Ratios
A1: Program | B1: Applies to | C1: =IF(ISBLANK('New Products'!A2),"",'New Products'!A2&" "&'New Products'!B2) | D1: =IF(ISBLANK('New Products'!A3),"",'New Products'!A3&" "&'New Products'!B3) | E1: =IF(ISBLANK('New Products'!A4),"",'New Products'!A4&" "&'New Products'!B4) | F1: =IF(ISBLANK('New Products'!A5),"",'New Products'!A5&" "&'New Products'!B5) | G1: =IF(ISBLANK('New Products'!A6),"",'New Products'!A6&" "&'New Products'!B6) | H1: =IF(ISBLANK('New Products'!A7),"",'New Products'!A7&" "&'New Products'!B7) | I1: =IF(ISBLANK('New Products'!A8),"",'New Products'!A8&" "&'New Products'!B8) | J1: =IF(ISBLANK('New Products'!A9),"",'New Products'!A9&" "&'New Products'!B9) | K1: =IF(ISBLANK('New Products'!A10),"",'New Products'!A10&" "&'New Products'!B10) | L1: =IF(ISBLANK('New Products'!A11),"",'New Products'!A11&" "&'New Products'!B11) | M1: =IF(ISBLANK('New Products'!A12),"",'New Products'!A12&" "&'New Products'!B12) | N1: =IF(ISBLANK('New Products'!A13),"",'New Products'!A13&" "&'New Products'!B13) | O1: =IF(ISBLANK('New Products'!A14),"",'New Products'!A14&" "&'New Products'!B14) | P1: =IF(ISBLANK('New Products'!A15),"",'New Products'!A15&" "&'New Products'!B15) | Q1: =IF(ISBLANK('New Products'!A16),"",'New Products'!A16&" "&'New Products'!B16) | R1: =IF(ISBLANK('New Products'!A17),"",'New Products'!A17&" "&'New Products'!B17) | S1: =IF(ISBLANK('New Products'!A18),"",'New Products'!A18&" "&'New Products'!B18) | T1: =IF(ISBLANK('New Products'!A19),"",'New Products'!A19&" "&'New Products'!B19) | U1: =IF(ISBLANK('New Products'!A20),"",'New Products'!A20&" "&'New Products'!B20) | V1: =IF(ISBLANK('New Products'!A21),"",'New Products'!A21&" "&'New Products'!B21) | W1: Notes
A2: Today at Apple High Profile | B2: Listed stores only
A3: Today at Apple | B3: All stores
A4: Boardrooms | B4: Listed stores only
A5: On Demand Demo | B5: All stores
A6: Flagship | B6: Listed stores only
A7: Flagship+ | B7: Listed stores only
A8: Accessibility Equipment | B8: All stores
A9: Apple Vision Pro Equipment | B9: Listed stores only

Sheet Fixture Counts
B1: NSOs
K2: TOTAL | L2: 512 | M2: 25 | N2: 212 | O2: 35 | P2: 229 | Q2: 16 | R2: 544 | S2: 609 | T2: 635 | U2: 315 | V2: 1 | W2: 429 | X2: 314 | Y2: 210 | Z2: 55 | AA2: 255 | AB2: 454 | AC2: 158 | AD2: 571 | AE2: 39 | AF2: 63 | AG2: 69 | AH2: 85 | AI2: 49 | AJ2: 256 | AK2: 159 | AL2: 121 | AM2: 10 | AN2: 205 | AO2: 362 | AP2: 123 | AQ2: 55 | AR2: 18 | AS2: 223 | AT2: 59 | AU2: 110 | AV2: 425 | AW2: 422 | AX2: 112 | AY2: 11 | AZ2: 543 | BA2: 121
A4: 539 | B4: Geo | C4: Country | D4: Store Number | E4: Store Name | F4: Store Type | G4: Flagship Stores | H4: Store Layout Size | I4: Table Type | J4: Table Size | K4: Wall Size (merchandise length) | L4: Spring Spotlight Table | M4: Spring Spotlight Wall | N4: Apple Vision Pro Table | O4: Apple Vision Pro Wall | P4: Apple Vision Pro Combined | Q4: Apple Vision Pro Experience | R4: AVP Center Display | S4: iPhone Assortment | T4: iPhone Hero Table 1 (7'-12') | U4: iPhone Hero Table 2 (7'-12') | V4: iPhone Hero Table (15' EMEIA only) | W4: iPhone Legacy Table | X4: iPhone Hero Wall | Y4: iPhone Legacy Wall | Z4: iPhone Hero and Legacy Wall | AA4: iPad Asst Table | AB4: iPad Comp Table | AC4: iPad Comp Wall | AD4: Mac Comp Table | AE4: Mac Comp Wall | AF4: iMac 24-inch Colors Table | AG4: iMac 24-inch Colors Wall | AH4: Desktop Comp Table | AI4: Desktop Comp Wall | AJ4: iMac 24 Colors | Desktop Comp Table | AK4: iMac 24 Colors | Desktop Comp Wall | AL4: Mac | iPad Table 1 | AM4: Mac | iPad Table 2 | AN4: Mac | iPad Wall | AO4: Continuity Table | AP4: Continuity Wall | AQ4: Continuity Desktop Alt (1) Touchpoint | AR4: Continuity Desktop Alt (2) Touchpoints | AS4: Apple TV Wall (2 TVs) | AT4: Apple TV Wall (1 TV) | AU4: HomePod Wall | AV4: Watch Discovery | AW4: Watch Personalisation | AX4: Watch Combined | AY4: Watch Experience Table | AZ4: Watch Center Display | BA4: Moves
A5: 1 | B5: AMR | C5: USA | D5: R001 | E5: Glendale Galleria | F5: Vintage C | G5: Apple Store | H5: Large | I5: Slug | J5: 10' | K5: 15' | L5: 1 | M5: 0 | N5: 0 | O5: 0 | P5: 1 | Q5: 0 | R5: 1 | S5: 1 | T5: 1 | U5: 1 | V5: 0 | W5: 0 | X5: 1 | Y5: 1 | Z5: 0 | AA5: 0 | AB5: 0 | AC5: 1 | AD5: 1 | AE5: 0 | AF5: 0 | AG5: 0 | AH5: 0 | AI5: 0 | AJ5: 0 | AK5: 1 | AL5: 0 | AM5: 0 | AN5: 1 | AO5: 1 | AP5: 0 | AQ5: 0 | AR5: 0 | AS5: 1 | AT5: 0 | AU5: 0 | AV5: 1 | AW5: 1 | AX5: 0 | AY5: 0 | AZ5: 1
A6: 1 | B6: AMR | C6: USA | D6: R002 | E6: Palo Alto | F6: Vintage D | G6: Apple Store+ | H6: Medium | I6: Slug | J6: 10' | K6: - | L6: 1 | M6: 0 | N6: 1 | O6: 0 | P6: 0 | Q6: 0 | R6: 1 | S6: 1 | T6: 1 | U6: 0 | V6: 0 | W6: 1 | X6: 0 | Y6: 0 | Z6: 0 | AA6: 0 | AB6: 1 | AC6: 0 | AD6: 1 | AE6: 0 | AF6: 0 | AG6: 0 | AH6: 0 | AI6: 0 | AJ6: 1 | AK6: 0 | AL6: 0 | AM6: 0 | AN6: 0 | AO6: 0 | AP6: 0 | AQ6: 1 | AR6: 0 | AS6: 0 | AT6: 0 | AU6: 0 | AV6: 1 | AW6: 1 | AX6: 0 | AY6: 0 | AZ6: 1
A7: 1 | B7: AMR | C7: USA | D7: R003 | E7: Bellevue Square | F7: Vintage C | G7: Apple Store | H7: X-Large | I7: Slug | J7: 10' | K7: 15' | L7: 1 | M7: 0 | N7: 1 | O7: 0 | P7: 0 | Q7: 0 | R7: 1 | S7: 1 | T7: 3 | U7: 1 | V7: 0 | W7: 1 | X7: 1 | Y7: 0 | Z7: 1 | AA7: 1 | AB7: 1 | AC7: 0 | AD7: 2 | AE7: 0 | AF7: 0 | AG7: 1 | AH7: 0 | AI7: 1 | AJ7: 0 | AK7: 0 | AL7: 1 | AM7: 0 | AN7: 1 | AO7: 2 | AP7: 0 | AQ7: 0 | AR7: 0 | AS7: 1 | AT7: 0 | AU7: 0 | AV7: 1 | AW7: 1 | AX7: 0 | AY7: 0 | AZ7: 1
A8: 1 | B8: AMR | C8: USA | D8: R004 | E8: South Coast Plaza | F8: Vintage C | G8: Temp | H8: Large | I8: Slug | J8: 10' | K8: 15' | L8: 1 | M8: 0 | N8: 0 | O8: 0 | P8: 1 | Q8: 0 | R8: 1 | S8: 1 | T8: 1 | U8: 0 | V8: 0 | W8: 1 | X8: 1 | Y8: 0 | Z8: 0 | AA8: 0 | AB8: 1 | AC8: 0 | AD8: 1 | AE8: 0 | AF8: 0 | AG8: 0 | AH8: 0 | AI8: 0 | AJ8: 0 | AK8: 1 | AL8: 0 | AM8: 0 | AN8: 1 | AO8: 0 | AP8: 1 | AQ8: 0 | AR8: 0 | AS8: 1 | AT8: 0 | AU8: 0 | AV8: 0 | AW8: 0 | AX8: 1 | AY8: 0 | AZ8: 1
A9: 1 | B9: APAC | C9: Japan | D9: R005 | E9: Nagoya Sakae | F9: Classic | G9: Apple Store+ | H9: Medium | I9: Slug | J9: 10' | K9: 15' | 18' | L9: 1 | M9: 0 | N9: 0 | O9: 0 | P9: 1 | Q9: 0 | R9: 1 | S9: 1 | T9: 1 | U9: 1 | V9: 0 | W9: 0 | X9: 1 | Y9: 1 | AA9: 1 | AB9: 0 | AC9: 1 | AD9: 1 | AE9: 0 | AF9: 0 | AG9: 0 | AH9: 0 | AI9: 0 | AJ9: 1 | AK9: 0 | AL9: 0 | AM9: 0 | AN9: 1 | AO9: 0 | AP9: 0 | AQ9: 0 | AR9: 1 | AS9: 0 | AT9: 1 | AU9: 0 | AV9: 1 | AW9: 1 | AX9: 0 | AY9: 0 | AZ9: 1 | BA9: 1
A10: 1 | B10: AMR | C10: USA | D10: R006 | E10: Lenox Square | F10: Vintage D | G10: Flagship | H10: X-Large | I10: Slug | J10: 12' | K10: - | L10: 1 | M10: 0 | N10: 1 | O10: 0 | P10: 0 | Q10: 0 | R10: 2 | S10: 1 | T10: 1 | U10: 1 | V10: 0 | W10: 2 | X10: 0 | Y10: 0 | Z10: 0 | AA10: 0 | AB10: 1 | AC10: 0 | AD10: 1 | AE10: 0 | AF10: 0 | AG10: 0 | AH10: 0 | AI10: 0 | AJ10: 2 | AK10: 0 | AL10: 1 | AM10: 0 | AN10: 0 | AO10: 0 | AP10: 0 | AQ10: 1 | AR10: 0 | AS10: 0 | AT10: 0 | AU10: 0 | AV10: 1 | AW10: 1 | AX10: 0 | AY10: 0 | AZ10: 1
A11: 1 | B11: AMR | C11: USA | D11: R007 | E11: Mall of America | F11: Vintage D | G11: Apple Store | H11: Medium | I11: Slug | J11: 12' | K11: - | L11: 0 | M11: 0 | N11: 1 | O11: 0 | P11: 0 | Q11: 0 | R11: 2 | S11: 1 | T11: 1 | U11: 0 | V11: 0 | W11: 1 | X11: 0 | Y11: 0 | Z11: 0 | AA11: 0 | AB11: 1 | AC11: 0 | AD11: 1 | AE11: 0 | AF11: 0 | AG11: 0 | AH11: 0 | AI11: 0 | AJ11: 1 | AK11: 0 | AL11: 0 | AM11: 0 | AN11: 0 | AO11: 0 | AP11: 0 | AQ11: 1 | AR11: 0 | AS11: 0 | AT11: 0 | AU11: 0 | AV11: 0 | AW11: 0 | AX11: 1 | AY11: 0 | AZ11: 1
A12: 1 | B12: AMR | C12: USA | D12: R009 | E12: Easton Town Center | F12: Vintage C | G12: Apple Store+ | H12: X-Large | I12: Slug | J12: 10' | K12: 15' | L12: 1 | M12: 0 | N12: 1 | O12: 0 | P12: 0 | Q12: 0 | R12: 1 | S12: 1 | T12: 1 | U12: 0 | V12: 0 | W12: 1 | X12: 1 | Y12: 0 | Z12: 1 | AA12: 1 | AB12: 1 | AC12: 0 | AD12: 1 | AE12: 0 | AF12: 0 | AG12: 0 | AH12: 0 | AI12: 0 | AJ12: 0 | AK12: 1 | AL12: 1 | AM12: 0 | AN12: 1 | AO12: 0 | AP12: 1 | AQ12: 0 | AR12: 0 | AS12: 1 | AT12: 0 | AU12: 0 | AV12: 1 | AW12: 1 | AX12: 0 | AY12: 0 | AZ12: 1
A13: 1 | B13: AMR | C13: USA | D13: R010 | E13: Tysons Corner | F13: Vintage D | G13: Apple Store | H13: Large | I13: Slot | J13: 10' | K13: - | L13: 1 | M13: 0 | N13: 0 | O13: 0 | P13: 0 | Q13: 1 | R13: 1 | S13: 1 | T13: 1 | U13: 0 | V13: 0 | W13: 1 | X13: 0 | Y13: 0 | Z13: 0 | AA13: 0 | AB13: 1 | AC13: 0 | AD13: 1 | AE13: 0 | AF13: 0 | AG13: 0 | AH13: 0 | AI13: 0 | AJ13: 1 | AK13: 0 | AL13: 0 | AM13: 0 | AN13: 0 | AO13: 0 | AP13: 0 | AQ13: 1 | AR13: 0 | AS13: 0 | AT13: 0 | AU13: 0 | AV13: 1 | AW13: 1 | AX13: 0 | AY13: 0 | AZ13: 1
A14: 1 | B14: AMR | C14: USA | D14: R011 | E14: MarketStreet Lynnfield | F14: Vintage D | G14: Apple Store+ | H14: Medium | I14: Slot | J14: 10' | K14: - | L14: 1 | M14: 0 | N14: 0 | O14: 0 | P14: 1 | Q14: 0 | R14: 1 | S14: 1 | T14: 1 | U14: 0 | V14: 0 | W14: 1 | X14: 0 | Y14: 0 | Z14: 0 | AA14: 0 | AB14: 1 | AC14: 0 | AD14: 1 | AE14: 0 | AF14: 0 | AG14: 0 | AH14: 0 | AI14: 0 | AJ14: 1 | AK14: 0 | AL14: 0 | AM14: 0 | AN14: 0 | AO14: 0 | AP14: 0 | AQ14: 1 | AR14: 0 | AS14: 0 | AT14: 0 | AU14: 0 | AV14: 1 | AW14: 1 | AX14: 0 | AY14: 0 | AZ14: 1
A15: 1 | B15: AMR | C15: USA | D15: R012 | E15: The Falls | F15: Vintage C | G15: Apple Store+ | H15: Medium | I15: Slot | J15: 10' | K15: 15' | L15: 1 | M15: 0 | N15: 0 | O15: 0 | P15: 1 | Q15: 0 | R15: 1 | S15: 1 | T15: 1 | U15: 0 | V15: 0 | W15: 0 | X15: 1 | Y15: 1 | Z15: 0 | AA15: 0 | AB15: 1 | AC15: 0 | AD15: 1 | AE15: 0 | AF15: 0 | AG15: 0 | AH15: 0 | AI15: 0 | AJ15: 0 | AK15: 1 | AL15: 0 | AM15: 0 | AN15: 1 | AO15: 0 | AP15: 1 | AQ15: 0 | AR15: 0 | AS15: 1 | AT15: 0 | AU15: 0 | AV15: 0 | AW15: 0 | AX15: 1 | AY15: 0 | AZ15: 1
A16: 1 | B16: AMR | C16: USA | D16: R013 | E16: Tice's Corner | F16: Vintage D | G16: Apple Store+ | H16: Medium | I16: Slot | J16: 8' | K16: - | L16: 1 | M16: 0 | N16: 0 | O16: 0 | P16: 1 | Q16: 0 | R16: 1 | S16: 1 | T16: 1 | U16: 0 | V16: 0 | W16: 1 | X16: 0 | Y16: 0 | Z16: 0 | AA16: 0 | AB16: 1 | AC16: 0 | AD16: 1 | AE16: 0 | AF16: 0 | AG16: 0 | AH16: 0 | AI16: 0 | AJ16: 1 | AK16: 0 | AL16: 0 | AM16: 0 | AN16: 0 | AO16: 1 | AP16: 0 | AQ16: 0 | AR16: 0 | AS16: 0 | AT16: 0 | AU16: 0 | AV16: 0 | AW16: 0 | AX16: 1 | AY16: 0 | AZ16: 1
A17: 1 | B17: AMR | C17: USA | D17: R014 | E17: Broadway Plaza (Walnut Creek) | F17: Vintage D | G17: Flagship | H17: Large | I17: Slug | J17: 10' | K17: - | L17: 1 | M17: 0 | N17: 1 | O17: 0 | P17: 0 | Q17: 0 | R17: 1 | S17: 1 | T17: 1 | U17: 0 | V17: 0 | W17: 1 | X17: 0 | Y17: 0 | Z17: 0 | AA17: 0 | AB17: 1 | AC17: 0 | AD17: 1 | AE17: 0 | AF17: 0 | AG17: 0 | AH17: 0 | AI17: 0 | AJ17: 1 | AK17: 0 | AL17: 0 | AM17: 0 | AN17: 0 | AO17: 0 | AP17: 0 | AQ17: 1 | AR17: 0 | AS17: 0 | AT17: 0 | AU17: 0 | AV17: 1 | AW17: 1 | AX17: 0 | AY17: 0 | AZ17: 1
A18: 1 | B18: AMR | C18: USA | D18: R015 | E18: Fashion Island | F18: Vintage C | G18: Apple Store+ | H18: X-Large | I18: Slot | J18: 10' | K18: 15' | L18: 1 | M18: 0 | N18: 1 | O18: 0 | P18: 0 | Q18: 0 | R18: 1 | S18: 1 | T18: 1 | U18: 1 | V18: 0 | W18: 0 | X18: 1 | Y18: 1 | Z18: 0 | AA18: 1 | AB18: 0 | AC18: 1 | AD18: 1 | AE18: 1 | AF18: 0 | AG18: 0 | AH18: 0 | AI18: 0 | AJ18: 0 | AK18: 1 | AL18: 1 | AM18: 0 | AN18: 2 | AO18: 1 | AP18: 0 | AQ18: 0 | AR18: 0 | AS18: 1 | AT18: 0 | AU18: 0 | AV18: 1 | AW18: 1 | AX18: 0 | AY18: 0 | AZ18: 1
A19: 1 | B19: AMR | C19: USA | D19: R016 | E19: Walden Galleria | F19: Vintage D | G19: Apple Store | H19: Medium | I19: Slot | J19: 10' | K19: - | L19: 1 | M19: 0 | N19: 0 | O19: 0 | P19: 1 | Q19: 0 | R19: 1 | S19: 1 | T19: 1 | U19: 0 | V19: 0 | W19: 1 | X19: 0 | Y19: 0 | Z19: 0 | AA19: 0 | AB19: 1 | AC19: 0 | AD19: 1 | AE19: 0 | AF19: 0 | AG19: 0 | AH19: 0 | AI19: 0 | AJ19: 1 | AK19: 0 | AL19: 0 | AM19: 0 | AN19: 0 | AO19: 1 | AP19: 0 | AQ19: 0 | AR19: 0 | AS19: 0 | AT19: 0 | AU19: 0 | AV19: 0 | AW19: 0 | AX19: 1 | AY19: 0 | AZ19: 1
A20: 1 | B20: AMR | C20: USA | D20: R017 | E20: Crossgates | F20: Vintage D | G20: Apple Store | H20: Medium | I20: Slot | J20: 10' | K20: - | L20: 1 | M20: 0 | N20: 0 | O20: 0 | P20: 1 | Q20: 0 | R20: 1 | S20: 1 | T20: 1 | U20: 0 | V20: 0 | W20: 1 | X20: 0 | Y20: 0 | Z20: 0 | AA20: 0 | AB20: 1 | AC20: 0 | AD20: 1 | AE20: 0 | AF20: 0 | AG20: 0 | AH20: 0 | AI20: 0 | AJ20: 1 | AK20: 0 | AL20: 0 | AM20: 0 | AN20: 0 | AO20: 0 | AP20: 0 | AQ20: 1 | AR20: 0 | AS20: 0 | AT20: 0 | AU20: 0 | AV20: 1 | AW20: 1 | AX20: 0 | AY20: 0 | AZ20: 1
A21: 1 | B21: AMR | C21: USA | D21: R018 | E21: Woodfield | F21: Vintage D | G21: Apple Store | H21: Medium | I21: Slot | J21: 10' | K21: - | L21: 1 | M21: 0 | N21: 0 | O21: 0 | P21: 1 | Q21: 0 | R21: 1 | S21: 1 | T21: 1 | U21: 0 | V21: 0 | W21: 1 | X21: 0 | Y21: 0 | Z21: 0 | AA21: 0 | AB21: 1 | AC21: 0 | AD21: 1 | AE21: 0 | AF21: 0 | AG21: 0 | AH21: 0 | AI21: 0 | AJ21: 1 | AK21: 0 | AL21: 0 | AM21: 0 | AN21: 0 | AO21: 0 | AP21: 0 | AQ21: 1 | AR21: 0 | AS21: 0 | AT21: 0 | AU21: 0 | AV21: 1 | AW21: 1 | AX21: 0 | AY21: 0 | AZ21: 1
... A44: 1 | B44: AMR | C44: USA | D44: R043 | E44: Short Hills | F44: Vintage C | G44: Apple Store | H44: X-Large | I44: Slot | J44: 10' | K44: 15' | L44: 1 | M44: 0 | N44: 0 | O44: 1 | P44: 0 | Q44: 0 | R44: 1 | S44: 1 | T44: 1 | U44: 1 | V44: 0 | W44: 1 | X44: 1 | Y44: 0 | Z44: 1 | AA44: 1 | AB44: 0 | AC44: 1 | AD44: 1 | AE44: 0 | AF44: 0 | AG44: 1 | AH44: 1 | AI44: 0 | AJ44: 0 | AK44: 0 | AL44: 0 | AM44: 0 | AN44: 0 | AO44: 0 | AP44: 1 | AQ44: 0 | AR44: 0 | AS44: 1 | AT44: 0 | AU44: 0 | AV44: 1 | AW44: 1 | AX44: 0 | AY44: 0 | AZ44: 1
A45: 1 | B45: AMR | C45: USA | D45: R044 | E45: Montgomery Village *new name* | F45: Vintage E | G45: Apple Store | H45: Small | I45: Slot | J45: 8' | 10' | L45: 0 | M45: 0 | N45: 0 | O45: 0 | P45: 1 | Q45: 0 | R45: 1 | S45: 1 | T45: 1 | U45: 0 | V45: 0 | W45: 1 | X45: 0 | Y45: 0 | Z45: 0 | AA45: 0 | AB45: 1 | AC45: 0 | AD45: 1 | AE45: 0 | AF45: 0 | AG45: 0 | AH45: 0 | AI45: 0 | AJ45: 1 | AK45: 0 | AL45: 0 | AM45: 0 | AN45: 0 | AO45: 0 | AP45: 0 | AQ45: 1 | AR45: 0 | AS45: 0 | AT45: 0 | AU45: 0 | AV45: 0 | AW45: 0 | AX45: 0 | AY45: 1 | AZ45: 0
A46: 1 | B46: EMEIA | C46: DE | D46: R045 | E46: ROSENSTRASSE | F46: Vintage C | G46: Apple Store+ | H46: X-Large | I46: Slot | J46: 8' | K46: 15' | L46: 1 | M46: 0 | N46: 1 | O46: 0 | P46: 0 | Q46: 0 | R46: 1 | S46: 1 | T46: 1 | U46: 1 | V46: 0 | W46: 1 | X46: 1 | Y46: 1 | AA46: 1 | AB46: 0 | AC46: 1 | AD46: 1 | AE46: 0 | AF46: 1 | AG46: 0 | AH46: 0 | AI46: 1 | AJ46: 0 | AK46: 0 | AL46: 0 | AM46: 0 | AN46: 1 | AO46: 1 | AP46: 0 | AQ46: 0 | AR46: 0 | AS46: 1 | AT46: 0 | AU46: 1 | AV46: 1 | AW46: 1 | AX46: 0 | AY46: 0 | AZ46: 1
A47: 1 | B47: AMR | C47: USA | D47: R046 | E47: Nanuet (Palisades) | F47: Vintage C | G47: Apple Store+ | H47: Large | I47: Slot | J47: 10' | K47: 15' | L47: 0 | M47: 1 | N47: 0 | O47: 0 | P47: 1 | Q47: 0 | R47: 1 | S47: 1 | T47: 1 | U47: 1 | V47: 0 | W47: 1 | X47: 1 | Y47: 0 | Z47: 1 | AA47: 1 | AB47: 1 | AC47: 0 | AD47: 1 | AE47: 0 | AF47: 0 | AG47: 0 | AH47: 0 | AI47: 0 | AJ47: 0 | AK47: 1 | AL47: 0 | AM47: 0 | AN47: 1 | AO47: 0 | AP47: 1 | AQ47: 0 | AR47: 0 | AS47: 1 | AT47: 0 | AU47: 0 | AV47: 1 | AW47: 1 | AX47: 0 | AY47: 0 | AZ47: 1
A48: 1 | B48: AMR | C48: USA | D48: R047 | E48: Cherry Creek | F48: Vintage D | G48: Apple Store | H48: Medium | I48: Slug | J48: 12' | 20' | K48: - | L48: 1 | M48: 0 | N48: 1 | O48: 0 | P48: 0 | Q48: 0 | R48: 2 | S48: 1 | T48: 2 | U48: 0 | V48: 0 | W48: 1 | X48: 0 | Y48: 0 | Z48: 0 | AA48: 0 | AB48: 1 | AC48: 0 | AD48: 1 | AE48: 0 | AF48: 0 | AG48: 0 | AH48: 0 | AI48: 0 | AJ48: 1 | AK48: 0 | AL48: 0 | AM48: 0 | AN48: 0 | AO48: 1 | AP48: 0 | AQ48: 0 | AR48: 0 | AS48: 0 | AT48: 0 | AU48: 0 | AV48: 1 | AW48: 1 | AX48: 0 | AY48: 0 | AZ48: 1
A49: 1 | B49: APAC | C49: Japan | D49: R048 | E49: Fukuoka Tenjin | F49: Vintage D | G49: Flagship | H49: Medium | I49: Slug | J49: 8' | K49: - | L49: 1 | M49: 0 | N49: 1 | O49: 0 | P49: 0 | Q49: 0 | R49: 1 | S49: 1 | T49: 1 | U49: 1 | V49: 0 | W49: 1 | X49: 0 | Y49: 0 | AA49: 0 | AB49: 1 | AC49: 0 | AD49: 1 | AE49: 0 | AF49: 0 | AG49: 0 | AH49: 0 | AI49: 0 | AJ49: 1 | AK49: 0 | AL49: 0 | AM49: 0 | AN49: 0 | AO49: 0 | AP49: 0 | AQ49: 0 | AR49: 1 | AS49: 0 | AT49: 0 | AU49: 0 | AV49: 1 | AW49: 1 | AX49: 0 | AY49: 0 | AZ49: 1 | BA49: 1
A50: 1 | B50: AMR | C50: USA | D50: R049 | E50: Southpoint | F50: Vintage D | G50: Apple Store+ | H50: Large | I50: Slug | J50: 12' | K50: - | L50: 0 | M50: 0 | N50: 1 | O50: 0 | P50: 0 | Q50: 0 | R50: 2 | S50: 1 | T50: 1 | U50: 0 | V50: 0 | W50: 1 | X50: 0 | Y50: 0 | Z50: 0 | AA50: 0 | AB50: 1 | AC50: 0 | AD50: 1 | AE50: 0 | AF50: 0 | AG50: 0 | AH50: 0 | AI50: 0 | AJ50: 1 | AK50: 0 | AL50: 0 | AM50: 0 | AN50: 0 | AO50: 0 | AP50: 0 | AQ50: 1 | AR50: 0 | AS50: 0 | AT50: 0 | AU50: 0 | AV50: 0 | AW50: 0 | AX50: 1 | AY50: 0 | AZ50: 1
A51: 1 | B51: AMR | C51: USA | D51: R050 | E51: The Grove | F51: Vintage D | G51: Flagship | H51: Large | I51: Slot | J51: 12' | K51: - | L51: 1 | M51: 0 | N51: 1 | O51: 0 | P51: 0 | Q51: 0 | R51: 2 | S51: 1 | T51: 1 | U51: 0 | V51: 0 | W51: 1 | X51: 0 | Y51: 0 | Z51: 0 | AA51: 0 | AB51: 1 | AC51: 0 | AD51: 1 | AE51: 0 | AF51: 0 | AG51: 0 | AH51: 0 | AI51: 0 | AJ51: 1 | AK51: 0 | AL51: 0 | AM51: 0 | AN51: 0 | AO51: 0 | AP51: 0 | AQ51: 1 | AR51: 0 | AS51: 0 | AT51: 0 | AU51: 0 | AV51: 1 | AW51: 1 | AX51: 0 | AY51: 0 | AZ51: 1
A52: 1 | B52: AMR | C52: USA | D52: R051 | E52: Third Street Promenade | F52: Vintage D | G52: Flagship | H52: Medium | I52: Slug | J52: 20' | K52: - | L52: 2 | M52: 0 | N52: 1 | O52: 0 | P52: 0 | Q52: 0 | R52: 1 | S52: 1 | T52: 4 | U52: 1 | V52: 0 | W52: 1 | X52: 0 | Y52: 0 | Z52: 0 | AA52: 1 | AB52: 1 | AC52: 0 | AD52: 1 | AE52: 0 | AF52: 1 | AG52: 0 | AH52: 1 | AI52: 0 | AJ52: 0 | AK52: 0 | AL52: 1 | AM52: 1 | AN52: 0 | AO52: 1 | AP52: 0 | AQ52: 0 | AR52: 0 | AS52: 0 | AT52: 0 | AU52: 0 | AV52: 1 | AW52: 1 | AX52: 0 | AY52: 0 | AZ52: 1
A53: 1 | B53: AMR | C53: USA | D53: R053 | E53: Millenia | F53: Vintage C | G53: Apple Store | H53: X-Large | I53: Slot | J53: 10' | K53: 15' | L53: 2 | M53: 0 | N53: 1 | O53: 0 | P53: 0 | Q53: 0 | R53: 1 | S53: 1 | T53: 1 | U53: 1 | V53: 0 | W53: 1 | X53: 1 | Y53: 0 | Z53: 0 | AA53: 1 | AB53: 0 | AC53: 1 | AD53: 2 | AE53: 0 | AF53: 0 | AG53: 1 | AH53: 1 | AI53: 0 | AJ53: 0 | AK53: 0 | AL53: 0 | AM53: 0 | AN53: 1 | AO53: 0 | AP53: 1 | AQ53: 0 | AR53: 0 | AS53: 1 | AT53: 0 | AU53: 0 | AV53: 1 | AW53: 1 | AX53: 0 | AY53: 0 | AZ53: 1
A54: 1 | B54: AMR | C54: USA | D54: R054 | E54: Southdale | F54: Vintage C | G54: Apple Store | H54: X-Large | I54: Slug | J54: 10' | K54: 15' | L54: 1 | M54: 0 | N54: 1 | O54: 0 | P54: 0 | Q54: 0 | R54: 1 | S54: 1 | T54: 1 | U54: 1 | V54: 0 | W54: 0 | X54: 1 | Y54: 1 | Z54: 0 | AA54: 1 | AB54: 1 | AC54: 0 | AD54: 1 | AE54: 0 | AF54: 0 | AG54: 0 | AH54: 0 | AI54: 0 | AJ54: 0 | AK54: 1 | AL54: 1 | AM54: 0 | AN54: 1 | AO54: 0 | AP54: 1 | AQ54: 0 | AR54: 0 | AS54: 1 | AT54: 0 | AU54: 0 | AV54: 1 | AW54: 1 | AX54: 0 | AY54: 0 | AZ54: 1
A55: 1 | B55: AMR | C55: USA | D55: R055 | E55: Somerset | F55: Vintage C | G55: Apple Store | H55: Large | I55: Slot | J55: 10' | K55: 15' | L55: 1 | M55: 0 | N55: 0 | O55: 1 | P55: 0 | Q55: 0 | R55: 1 | S55: 1 | T55: 1 | U55: 0 | V55: 0 | W55: 1 | X55: 1 | Y55: 0 | Z55: 1 | AA55: 0 | AB55: 1 | AC55: 0 | AD55: 1 | AE55: 0 | AF55: 0 | AG55: 0 | AH55: 0 | AI55: 0 | AJ55: 0 | AK55: 1 | AL55: 0 | AM55: 0 | AN55: 0 | AO55: 0 | AP55: 1 | AQ55: 0 | AR55: 0 | AS55: 1 | AT55: 0 | AU55: 0 | AV55: 1 | AW55: 1 | AX55: 0 | AY55: 0 | AZ55: 1
A56: 1 | B56: AMR | C56: USA | D56: R056 | E56: Oakbrook | F56: Vintage C | G56: Apple Store+ | H56: X-Large | I56: Slug | J56: 8' | K56: 15' | L56: 0 | M56: 1 | N56: 1 | O56: 0 | P56: 0 | Q56: 0 | R56: 1 | S56: 1 | T56: 1 | U56: 1 | V56: 0 | W56: 1 | X56: 1 | Y56: 0 | Z56: 1 | AA56: 1 | AB56: 1 | AC56: 0 | AD56: 1 | AE56: 0 | AF56: 0 | AG56: 0 | AH56: 0 | AI56: 0 | AJ56: 0 | AK56: 1 | AL56: 1 | AM56: 0 | AN56: 0 | AO56: 0 | AP56: 1 | AQ56: 0 | AR56: 0 | AS56: 1 | AT56: 0 | AU56: 0 | AV56: 1 | AW56: 1 | AX56: 0 | AY56: 0 | AZ56: 1
A57: 1 | B57: AMR | C57: USA | D57: R057 | E57: Bay Street | F57: Vintage D | G57: Apple Store+ | H57: Large | I57: Slot | J57: 10' | K57: - | L57: 1 | M57: 0 | N57: 0 | O57: 0 | P57: 1 | Q57: 0 | R57: 1 | S57: 1 | T57: 1 | U57: 1 | V57: 0 | W57: 1 | X57: 0 | Y57: 0 | Z57: 0 | AA57: 0 | AB57: 1 | AC57: 0 | AD57: 1 | AE57: 0 | AF57: 0 | AG57: 0 | AH57: 0 | AI57: 0 | AJ57: 1 | AK57: 0 | AL57: 0 | AM57: 0 | AN57: 0 | AO57: 1 | AP57: 0 | AQ57: 0 | AR57: 0 | AS57: 0 | AT57: 0 | AU57: 0 | AV57: 1 | AW57: 1 | AX57: 0 | AY57: 0 | AZ57: 1
A58: 1 | B58: AMR | C58: USA | D58: R058 | E58: Houston Galleria | F58: Vintage C | G58: Apple Store | H58: X-Large | I58: Slug | J58: 8' | K58: 15' | L58: 1 | M58: 0 | N58: 1 | O58: 0 | P58: 0 | Q58: 0 | R58: 1 | S58: 1 | T58: 1 | U58: 1 | V58: 0 | W58: 1 | X58: 2 | Y58: 0 | Z58: 1 | AA58: 1 | AB58: 1 | AC58: 0 | AD58: 2 | AE58: 0 | AF58: 0 | AG58: 1 | AH58: 1 | AI58: 0 | AJ58: 0 | AK58: 0 | AL58: 0 | AM58: 0 | AN58: 1 | AO58: 1 | AP58: 0 | AQ58: 0 | AR58: 0 | AS58: 1 | AT58: 0 | AU58: 0 | AV58: 1 | AW58: 1 | AX58: 0 | AY58: 0 | AZ58: 1
A59: 1 | B59: AMR | C59: USA | D59: R059 | E59: Mayfair | F59: Vintage D | G59: Apple Store | H59: Medium | I59: Slot | J59: 8' | K59: - | L59: 0 | M59: 0 | N59: 0 | O59: 0 | P59: 1 | Q59: 0 | R59: 1 | S59: 1 | T59: 1 | U59: 0 | V59: 0 | W59: 1 | X59: 0 | Y59: 0 | Z59: 0 | AA59: 0 | AB59: 1 | AC59: 0 | AD59: 1 | AE59: 0 | AF59: 0 | AG59: 0 | AH59: 0 | AI59: 0 | AJ59: 1 | AK59: 0 | AL59: 0 | AM59: 0 | AN59: 0 | AO59: 1 | AP59: 0 | AQ59: 0 | AR59: 0 | AS59: 0 | AT59: 0 | AU59: 0 | AV59: 0 | AW59: 0 | AX59: 1 | AY59: 0 | AZ59: 1
A60: 1 | B60: AMR | C60: USA | D60: R060 | E60: Roosevelt Field | F60: Vintage E | G60: Apple Store | H60: Large | I60: Slot | J60: 8' | L60: 1 | M60: 0 | N60: 0 | O60: 0 | P60: 0 | Q60: 1 | R60: 1 | S60: 1 | T60: 2 | U60: 1 | V60: 0 | W60: 1 | X60: 0 | Y60: 0 | Z60: 0 | AA60: 1 | AB60: 1 | AC60: 0 | AD60: 1 | AE60: 0 | AF60: 0 | AG60: 0 | AH60: 0 | AI60: 0 | AJ60: 1 | AK60: 0 | AL60: 1 | AM60: 0 | AN60: 0 | AO60: 1 | AP60: 0 | AQ60: 0 | AR60: 0 | AS60: 0 | AT60: 0 | AU60: 0 | AV60: 1 | AW60: 1 | AX60: 0 | AY60: 0 | AZ60: 1
A61: 1 | B61: AMR | C61: USA | D61: R061 | E61: The Westchester | F61: Vintage D | G61: Apple Store | H61: Medium | I61: Slug | J61: 10' | K61: - | L61: 1 | M61: 0 | N61: 0 | O61: 0 | P61: 1 | Q61: 0 | R61: 1 | S61: 1 | T61: 1 | U61: 0 | V61: 0 | W61: 1 | X61: 0 | Y61: 0 | Z61: 0 | AA61: 0 | AB61: 1 | AC61: 0 | AD61: 1 | AE61: 0 | AF61: 0 | AG61: 0 | AH61: 0 | AI61: 0 | AJ61: 1 | AK61: 0 | AL61: 0 | AM61: 0 | AN61: 0 | AO61: 1 | AP61: 0 | AQ61: 0 | AR61: 0 | AS61: 0 | AT61: 0 | AU61: 0 | AV61: 0 | AW61: 0 | AX61: 1 | AY61: 0 | AZ61: 1
A62: 1 | B62: AMR | C62: USA | D62: R062 | E62: West County | F62: Vintage D | G62: Apple Store | H62: Medium | I62: Slot | J62: 10' | K62: - | L62: 0 | M62: 0 | N62: 1 | O62: 0 | P62: 0 | Q62: 0 | R62: 1 | S62: 1 | T62: 1 | U62: 0 | V62: 0 | W62: 1 | X62: 0 | Y62: 0 | Z62: 0 | AA62: 0 | AB62: 1 | AC62: 0 | AD62: 1 | AE62: 0 | AF62: 0 | AG62: 0 | AH62: 0 | AI62: 0 | AJ62: 1 | AK62: 0 | AL62: 0 | AM62: 0 | AN62: 0 | AO62: 0 | AP62: 0 | AQ62: 1 | AR62: 0 | AS62: 0 | AT62: 0 | AU62: 0 | AV62: 0 | AW62: 0 | AX62: 1 | AY62: 0 | AZ62: 1
A63: 1 | B63: AMR | C63: USA | D63: R063 | E63: Towson Town Center | F63: Vintage C | G63: Apple Store | H63: X-Large | I63: Slot | J63: 10' | K63: 15' | L63: 1 | M63: 0 | N63: 1 | O63: 0 | P63: 0 | Q63: 0 | R63: 1 | S63: 1 | T63: 1 | U63: 0 | V63: 0 | W63: 1 | X63: 1 | Y63: 0 | Z63: 0 | AA63: 1 | AB63: 0 | AC63: 1 | AD63: 1 | AE63: 0 | AF63: 0 | AG63: 0 | AH63: 0 | AI63: 0 | AJ63: 1 | AK63: 0 | AL63: 1 | AM63: 0 | AN63: 0 | AO63: 0 | AP63: 1 | AQ63: 0 | AR63: 0 | AS63: 1 | AT63: 0 | AU63: 0 | AV63: 1 | AW63: 1 | AX63: 0 | AY63: 0 | AZ63: 1
A64: 1 | B64: AMR | C64: USA | D64: R064 | E64: Fashion Show | F64: Vintage C | G64: Apple Store | H64: X-Large | I64: Slug | J64: 10' | K64: 20' | L64: 1 | M64: 0 | N64: 1 | O64: 0 | P64: 0 | Q64: 0 | R64: 1 | S64: 1 | T64: 1 | U64: 0 | V64: 0 | W64: 0 | X64: 0 | Y64: 1 | Z64: 0 | AA64: 0 | AB64: 1 | AC64: 0 | AD64: 0 | AE64: 1 | AF64: 0 | AG64: 0 | AH64: 0 | AI64: 0 | AJ64: 0 | AK64: 1 | AL64: 1 | AM64: 0 | AN64: 0 | AO64: 1 | AP64: 0 | AQ64: 0 | AR64: 0 | AS64: 1 | AT64: 0 | AU64: 0 | AV64: 1 | AW64: 1 | AX64: 0 | AY64: 0 | AZ64: 1
A65: 1 | B65: AMR | C65: USA | D65: R065 | E65: King of Prussia | F65: Vintage C | G65: Apple Store | H65: X-Large | I65: Slot | J65: 10' | K65: 15' | L65: 1 | M65: 0 | N65: 1 | O65: 0 | P65: 0 | Q65: 0 | R65: 1 | S65: 1 | T65: 1 | U65: 1 | V65: 0 | W65: 1 | X65: 1 | Y65: 0 | Z65: 1 | AA65: 1 | AB65: 0 | AC65: 1 | AD65: 1 | AE65: 0 | AF65: 0 | AG65: 1 | AH65: 1 | AI65: 0 | AJ65: 0 | AK65: 0 | AL65: 0 | AM65: 0 | AN65: 1 | AO65: 1 | AP65: 0 | AQ65: 0 | AR65: 0 | AS65: 1 | AT65: 0 | AU65: 0 | AV65: 1 | AW65: 1 | AX65: 0 | AY65: 0 | AZ65: 1
A66: 1 | B66: AMR | C66: USA | D66: R066 | E66: Keystone | F66: Vintage D | G66: Apple Store+ | H66: Medium | I66: Slot | J66: 12' | K66: - | L66: 1 | M66: 0 | N66: 0 | O66: 0 | P66: 1 | Q66: 0 | R66: 1 | S66: 1 | T66: 1 | U66: 0 | V66: 0 | W66: 1 | X66: 0 | Y66: 0 | Z66: 0 | AA66: 0 | AB66: 1 | AC66: 0 | AD66: 1 | AE66: 0 | AF66: 0 | AG66: 0 | AH66: 0 | AI66: 0 | AJ66: 1 | AK66: 0 | AL66: 0 | AM66: 0 | AN66: 0 | AO66: 1 | AP66: 0 | AQ66: 0 | AR66: 0 | AS66: 0 | AT66: 0 | AU66: 0 | AV66: 0 | AW66: 0 | AX66: 1 | AY66: 0 | AZ66: 1
A67: 1 | B67: AMR | C67: USA | D67: R067 | E67: Menlo Park | F67: Vintage D | G67: Apple Store | H67: Large | I67: Slot | J67: 10' | K67: - | L67: 1 | M67: 0 | N67: 0 | O67: 0 | P67: 1 | Q67: 0 | R67: 1 | S67: 1 | T67: 1 | U67: 1 | V67: 0 | W67: 1 | X67: 0 | Y67: 0 | Z67: 0 | AA67: 0 | AB67: 1 | AC67: 0 | AD67: 1 | AE67: 0 | AF67: 0 | AG67: 0 | AH67: 0 | AI67: 0 | AJ67: 1 | AK67: 0 | AL67: 0 | AM67: 0 | AN67: 0 | AO67: 1 | AP67: 0 | AQ67: 0 | AR67: 0 | AS67: 0 | AT67: 0 | AU67: 0 | AV67: 1 | AW67: 1 | AX67: 0 | AY67: 0 | AZ67: 1
A68: 1 | B68: AMR | C68: USA | D68: R068 | E68: Walt Whitman | F68: Vintage C | G68: Apple Store | H68: X-Large | I68: Slot | J68: 10' | K68: 15' | L68: 1 | M68: 0 | N68: 1 | O68: 0 | P68: 0 | Q68: 0 | R68: 1 | S68: 1 | T68: 1 | U68: 1 | V68: 0 | W68: 0 | X68: 1 | Y68: 1 | Z68: 0 | AA68: 1 | AB68: 1 | AC68: 0 | AD68: 1 | AE68: 0 | AF68: 0 | AG68: 0 | AH68: 0 | AI68: 0 | AJ68: 0 | AK68: 1 | AL68: 1 | AM68: 0 | AN68: 1 | AO68: 0 | AP68: 1 | AQ68: 0 | AR68: 0 | AS68: 1 | AT68: 0 | AU68: 0 | AV68: 1 | AW68: 1 | AX68: 0 | AY68: 0 | AZ68: 1
A69: 1 | B69: AMR | C69: USA | D69: R069 | E69: Mission Viejo | F69: Vintage C | G69: Apple Store | H69: X-Large | I69: Slot | J69: 10' | K69: 15' | L69: 1 | M69: 0 | N69: 1 | O69: 0 | P69: 0 | Q69: 0 | R69: 1 | S69: 1 | T69: 1 | U69: 1 | V69: 0 | W69: 0 | X69: 1 | Y69: 1 | Z69: 0 | AA69: 1 | AB69: 1 | AC69: 0 | AD69: 1 | AE69: 0 | AF69: 0 | AG69: 0 | AH69: 0 | AI69: 0 | AJ69: 0 | AK69: 1 | AL69: 1 | AM69: 0 | AN69: 1 | AO69: 0 | AP69: 1 | AQ69: 0 | AR69: 0 | AS69: 1 | AT69: 0 | AU69: 0 | AV69: 1 | AW69: 1 | AX69: 0 | AY69: 0 | AZ69: 1
A70: 1 | B70: AMR | C70: USA | D70: R070 | E70: Arden Fair | F70: Vintage C | G70: Apple Store | H70: X-Large | I70: Slug | J70: 8' | K70: 15' | L70: 1 | M70: 0 | N70: 1 | O70: 0 | P70: 0 | Q70: 0 | R70: 1 | S70: 1 | T70: 1 | U70: 1 | V70: 0 | W70: 0 | X70: 1 | Y70: 1 | Z70: 0 | AA70: 1 | AB70: 0 | AC70: 1 | AD70: 1 | AE70: 1 | AF70: 0 | AG70: 1 | AH70: 1 | AI70: 0 | AJ70: 0 | AK70: 0 | AL70: 0 | AM70: 0 | AN70: 0 | AO70: 1 | AP70: 0 | AQ70: 0 | AR70: 0 | AS70: 1 | AT70: 0 | AU70: 0 | AV70: 1 | AW70: 1 | AX70: 0 | AY70: 0 | AZ70: 1
A71: 1 | B71: AMR | C71: USA | D71: R071 | E71: Corte Madera | F71: Vintage D | G71: Apple Store+ | H71: Medium | I71: Slot | J71: 10' | K71: - | L71: 1 | M71: 0 | N71: 0 | O71: 0 | P71: 1 | Q71: 0 | R71: 1 | S71: 1 | T71: 1 | U71: 0 | V71: 0 | W71: 1 | X71: 0 | Y71: 0 | Z71: 0 | AA71: 0 | AB71: 1 | AC71: 0 | AD71: 1 | AE71: 0 | AF71: 0 | AG71: 0 | AH71: 0 | AI71: 0 | AJ71: 1 | AK71: 0 | AL71: 0 | AM71: 0 | AN71: 0 | AO71: 1 | AP71: 0 | AQ71: 0 | AR71: 0 | AS71: 0 | AT71: 0 | AU71: 0 | AV71: 0 | AW71: 0 | AX71: 1 | AY71: 0 | AZ71: 1
A72: 1 | B72: AMR | C72: USA | D72: R072 | E72: University Village | F72: Vintage D | G72: Flagship | H72: Large | I72: Slug | J72: 12' | K72: - | L72: 0 | M72: 0 | N72: 1 | O72: 0 | P72: 0 | Q72: 0 | R72: 2 | S72: 1 | T72: 1 | U72: 0 | V72: 0 | W72: 1 | X72: 0 | Y72: 0 | Z72: 0 | AA72: 0 | AB72: 1 | AC72: 0 | AD72: 1 | AE72: 0 | AF72: 0 | AG72: 0 | AH72: 0 | AI72: 0 | AJ72: 0 | AK72: 0 | AL72: 0 | AM72: 0 | AN72: 0 | AO72: 0 | AP72: 0 | AQ72: 1 | AR72: 0 | AS72: 0 | AT72: 0 | AU72: 0 | AV72: 1 | AW72: 1 | AX72: 0 | AY72: 0 | AZ72: 1
... A78: 1 | B78: AMR | C78: USA | D78: R078 | E78: Short Pump Town Center | F78: Vintage C | G78: Apple Store+ | H78: Large | I78: Slot | J78: 8' | K78: 15' | L78: 1 | M78: 0 | N78: 0 | O78: 0 | P78: 1 | Q78: 0 | R78: 1 | S78: 1 | T78: 1 | U78: 1 | V78: 0 | W78: 0 | X78: 2 | Y78: 1 | Z78: 0 | AA78: 1 | AB78: 0 | AC78: 1 | AD78: 1 | AE78: 0 | AF78: 0 | AG78: 0 | AH78: 0 | AI78: 0 | AJ78: 0 | AK78: 1 | AL78: 0 | AM78: 0 | AN78: 1 | AO78: 1 | AP78: 0 | AQ78: 0 | AR78: 0 | AS78: 1 | AT78: 0 | AU78: 0 | AV78: 1 | AW78: 1 | AX78: 0 | AY78: 0 | AZ78: 1
A79: 1 | B79: APAC | C79: Japan | D79: R079 | E79: Ginza (Tokyo) | F79: Vintage D | G79: Flagship | H79: X-Large | I79: Slot | J79: 8' | K79: - | L79: 2 | M79: 0 | N79: 1 | O79: 0 | P79: 0 | Q79: 0 | R79: 1 | S79: 3 | T79: 3 | U79: 1 | V79: 0 | W79: 1 | X79: 0 | Y79: 0 | AA79: 1 | AB79: 1 | AC79: 0 | AD79: 1 | AE79: 0 | AF79: 0 | AG79: 0 | AH79: 0 | AI79: 0 | AJ79: 1 | AK79: 0 | AL79: 1 | AM79: 0 | AN79: 0 | AO79: 1 | AP79: 0 | AQ79: 0 | AR79: 0 | AS79: 0 | AT79: 0 | AU79: 0 | AV79: 1 | AW79: 1 | AX79: 0 | AY79: 0 | AZ79: 1 | BA79: 2
A80: 1 | B80: AMR | C80: USA | D80: R080 | E80: Avalon | F80: Vintage D | G80: Apple Store+ | H80: Medium | I80: Slot | J80: 10' | K80: - | L80: 1 | M80: 0 | N80: 0 | O80: 0 | P80: 1 | Q80: 0 | R80: 1 | S80: 1 | T80: 1 | U80: 0 | V80: 0 | W80: 1 | X80: 0 | Y80: 0 | Z80: 0 | AA80: 0 | AB80: 1 | AC80: 0 | AD80: 1 | AE80: 0 | AF80: 0 | AG80: 0 | AH80: 0 | AI80: 0 | AJ80: 1 | AK80: 0 | AL80: 0 | AM80: 0 | AN80: 0 | AO80: 0 | AP80: 0 | AQ80: 1 | AR80: 0 | AS80: 0 | AT80: 0 | AU80: 0 | AV80: 1 | AW80: 1 | AX80: 0 | AY80: 0 | AZ80: 1
A81: 1 | B81: AMR | C81: USA | D81: R081 | E81: Eton | F81: Vintage C | G81: Apple Store+ | H81: X-Large | I81: Slug | J81: 10' | K81: 15' | L81: 1 | M81: 0 | N81: 1 | O81: 0 | P81: 0 | Q81: 0 | R81: 1 | S81: 1 | T81: 1 | U81: 1 | V81: 0 | W81: 0 | X81: 1 | Y81: 1 | Z81: 0 | AA81: 1 | AB81: 1 | AC81: 0 | AD81: 1 | AE81: 0 | AF81: 0 | AG81: 1 | AH81: 0 | AI81: 1 | AJ81: 0 | AK81: 0 | AL81: 0 | AM81: 0 | AN81: 1 | AO81: 1 | AP81: 0 | AQ81: 0 | AR81: 0 | AS81: 1 | AT81: 0 | AU81: 0 | AV81: 1 | AW81: 1 | AX81: 0 | AY81: 0 | AZ81: 1
A82: 1 | B82: AMR | C82: USA | D82: R082 | E82: UTC | F82: Vintage D | G82: Apple Store+ | H82: Medium | I82: Slot | J82: 10' | K82: - | L82: 1 | M82: 0 | N82: 0 | O82: 0 | P82: 1 | Q82: 0 | R82: 1 | S82: 1 | T82: 1 | U82: 0 | V82: 0 | W82: 1 | X82: 0 | Y82: 0 | Z82: 0 | AA82: 0 | AB82: 1 | AC82: 0 | AD82: 1 | AE82: 0 | AF82: 0 | AG82: 0 | AH82: 0 | AI82: 0 | AJ82: 1 | AK82: 0 | AL82: 0 | AM82: 0 | AN82: 0 | AO82: 1 | AP82: 0 | AQ82: 0 | AR82: 0 | AS82: 0 | AT82: 0 | AU82: 0 | AV82: 0 | AW82: 0 | AX82: 1 | AY82: 0 | AZ82: 1
A83: 1 | B83: AMR | C83: USA | D83: R083 | E83: SouthPark | F83: Vintage D | G83: Apple Store | H83: Medium | I83: Slug | J83: 12' | K83: - | L83: 1 | M83: 0 | N83: 0 | O83: 0 | P83: 1 | Q83: 0 | R83: 1 | S83: 1 | T83: 1 | U83: 0 | V83: 0 | W83: 1 | X83: 0 | Y83: 0 | Z83: 0 | AA83: 0 | AB83: 1 | AC83: 0 | AD83: 1 | AE83: 0 | AF83: 0 | AG83: 0 | AH83: 0 | AI83: 0 | AJ83: 1 | AK83: 0 | AL83: 0 | AM83: 0 | AN83: 0 | AO83: 0 | AP83: 0 | AQ83: 1 | AR83: 0 | AS83: 0 | AT83: 0 | AU83: 0 | AV83: 1 | AW83: 1 | AX83: 0 | AY83: 0 | AZ83: 1
A84: 1 | B84: AMR | C84: USA | D84: R084 | E84: Montgomery Mall | F84: Vintage D | G84: Apple Store | H84: Large | I84: Slot | J84: 10' | K84: - | L84: 1 | M84: 0 | N84: 0 | O84: 0 | P84: 1 | Q84: 0 | R84: 1 | S84: 1 | T84: 1 | U84: 1 | V84: 0 | W84: 1 | X84: 0 | Y84: 0 | Z84: 0 | AA84: 0 | AB84: 1 | AC84: 0 | AD84: 1 | AE84: 0 | AF84: 0 | AG84: 0 | AH84: 0 | AI84: 0 | AJ84: 1 | AK84: 0 | AL84: 0 | AM84: 0 | AN84: 0 | AO84: 1 | AP84: 0 | AQ84: 0 | AR84: 0 | AS84: 0 | AT84: 0 | AU84: 0 | AV84: 1 | AW84: 1 | AX84: 0 | AY84: 0 | AZ84: 1
A85: 1 | B85: AMR | C85: USA | D85: R085 | E85: Barton Creek | F85: Vintage C | G85: Apple Store | H85: X-Large | I85: Slug | J85: 10' | K85: 15' | L85: 2 | M85: 0 | N85: 1 | O85: 0 | P85: 0 | Q85: 0 | R85: 1 | S85: 1 | T85: 1 | U85: 1 | V85: 0 | W85: 0 | X85: 1 | Y85: 1 | Z85: 0 | AA85: 1 | AB85: 0 | AC85: 1 | AD85: 1 | AE85: 0 | AF85: 0 | AG85: 0 | AH85: 0 | AI85: 0 | AJ85: 0 | AK85: 1 | AL85: 1 | AM85: 0 | AN85: 0 | AO85: 0 | AP85: 1 | AQ85: 0 | AR85: 0 | AS85: 1 | AT85: 0 | AU85: 0 | AV85: 1 | AW85: 1 | AX85: 0 | AY85: 0 | AZ85: 1
A86: 1 | B86: AMR | C86: USA | D86: R086 | E86: La Encantada | F86: Vintage E | G86: Apple Store+ | H86: Medium | I86: Slot | J86: 8' | 10' | K86: - | L86: 0 | M86: 0 | N86: 0 | O86: 0 | P86: 1 | Q86: 0 | R86: 1 | S86: 1 | T86: 1 | U86: 0 | V86: 0 | W86: 1 | X86: 0 | Y86: 0 | Z86: 0 | AA86: 0 | AB86: 1 | AC86: 0 | AD86: 1 | AE86: 0 | AF86: 0 | AG86: 0 | AH86: 0 | AI86: 0 | AJ86: 1 | AK86: 0 | AL86: 1 | AM86: 0 | AN86: 0 | AO86: 0 | AP86: 0 | AQ86: 1 | AR86: 0 | AS86: 0 | AT86: 0 | AU86: 0 | AV86: 0 | AW86: 0 | AX86: 0 | AY86: 1 | AZ86: 0
A87: 1 | B87: AMR | C87: USA | D87: R087 | E87: Aventura | F87: Vintage D | G87: Flagship | H87: Medium | I87: Slug | J87: 10' | K87: - | L87: 1 | M87: 0 | N87: 1 | O87: 0 | P87: 0 | Q87: 0 | R87: 1 | S87: 2 | T87: 1 | U87: 1 | V87: 0 | W87: 2 | X87: 0 | Y87: 0 | Z87: 0 | AA87: 0 | AB87: 2 | AC87: 0 | AD87: 2 | AE87: 0 | AF87: 1 | AG87: 0 | AH87: 0 | AI87: 0 | AJ87: 1 | AK87: 0 | AL87: 0 | AM87: 0 | AN87: 0 | AO87: 1 | AP87: 0 | AQ87: 0 | AR87: 0 | AS87: 0 | AT87: 0 | AU87: 0 | AV87: 1 | AW87: 1 | AX87: 1 | AY87: 0 | AZ87: 2
A88: 1 | B88: AMR | C88: USA | D88: R088 | E88: Sagemore | F88: Vintage C | G88: Apple Store+ | H88: Medium | I88: Slot | J88: 7' | K88: 15' | L88: 1 | M88: 0 | N88: 0 | O88: 0 | P88: 1 | Q88: 0 | R88: 1 | S88: 1 | T88: 1 | U88: 0 | V88: 0 | W88: 0 | X88: 1 | Y88: 1 | Z88: 0 | AA88: 0 | AB88: 1 | AC88: 0 | AD88: 1 | AE88: 0 | AF88: 0 | AG88: 0 | AH88: 0 | AI88: 0 | AJ88: 0 | AK88: 1 | AL88: 0 | AM88: 0 | AN88: 1 | AO88: 0 | AP88: 1 | AQ88: 0 | AR88: 0 | AS88: 1 | AT88: 0 | AU88: 0 | AV88: 0 | AW88: 0 | AX88: 1 | AY88: 0 | AZ88: 1
A89: 1 | B89: AMR | C89: USA | D89: R089 | E89: Old Orchard | F89: Vintage D | G89: Apple Store+ | H89: Medium | I89: Slug | J89: 10' | K89: - | L89: 1 | M89: 0 | N89: 0 | O89: 0 | P89: 1 | Q89: 0 | R89: 1 | S89: 1 | T89: 1 | U89: 0 | V89: 0 | W89: 1 | X89: 0 | Y89: 0 | Z89: 0 | AA89: 0 | AB89: 1 | AC89: 0 | AD89: 1 | AE89: 0 | AF89: 0 | AG89: 0 | AH89: 0 | AI89: 0 | AJ89: 1 | AK89: 0 | AL89: 0 | AM89: 0 | AN89: 0 | AO89: 1 | AP89: 0 | AQ89: 0 | AR89: 0 | AS89: 0 | AT89: 0 | AU89: 0 | AV89: 1 | AW89: 1 | AX89: 0 | AY89: 0 | AZ89: 1
A90: 1 | B90: AMR | C90: USA | D90: R090 | E90: Washington Square | F90: Vintage C | G90: Apple Store | H90: X-Large | I90: Slot | J90: 8' | K90: 15' | L90: 1 | M90: 0 | N90: 1 | O90: 0 | P90: 0 | Q90: 0 | R90: 1 | S90: 1 | T90: 1 | U90: 0 | V90: 0 | W90: 1 | X90: 1 | Y90: 0 | Z90: 1 | AA90: 1 | AB90: 0 | AC90: 1 | AD90: 1 | AE90: 0 | AF90: 0 | AG90: 0 | AH90: 0 | AI90: 0 | AJ90: 0 | AK90: 1 | AL90: 1 | AM90: 0 | AN90: 1 | AO90: 1 | AP90: 0 | AQ90: 0 | AR90: 0 | AS90: 1 | AT90: 0 | AU90: 0 | AV90: 1 | AW90: 1 | AX90: 0 | AY90: 0 | AZ90: 1
A91: 1 | B91: APAC | C91: Japan | D91: R091 | E91: Shinsaibashi (Osaka) | F91: Vintage D | G91: Apple Store+ | H91: Large | I91: Slug | J91: 8' | K91: - | L91: 1 | M91: 0 | N91: 1 | O91: 0 | P91: 0 | Q91: 0 | R91: 1 | S91: 2 | T91: 1 | U91: 1 | V91: 0 | W91: 1 | X91: 0 | Y91: 0 | AA91: 0 | AB91: 1 | AC91: 0 | AD91: 1 | AE91: 0 | AF91: 0 | AG91: 0 | AH91: 0 | AI91: 0 | AJ91: 1 | AK91: 0 | AL91: 1 | AM91: 0 | AN91: 0 | AO91: 1 | AP91: 0 | AQ91: 0 | AR91: 1 | AS91: 0 | AT91: 0 | AU91: 0 | AV91: 1 | AW91: 1 | AX91: 0 | AY91: 0 | AZ91: 1 | BA91: 1
A92: 1 | B92: EMEIA | C92: GB | D92: R092 | E92: Regent Street | F92: Vintage D | G92: Flagship | H92: X-Large | I92: Slot | J92: 10' | K92: - | L92: 2 | M92: 0 | N92: 1 | O92: 0 | P92: 0 | Q92: 0 | R92: 1 | S92: 1 | T92: 1 | U92: 1 | V92: 0 | W92: 1 | X92: 0 | Y92: 0 | AA92: 1 | AB92: 1 | AC92: 0 | AD92: 2 | AE92: 0 | AF92: 0 | AG92: 0 | AH92: 0 | AI92: 0 | AJ92: 1 | AK92: 0 | AL92: 0 | AM92: 0 | AN92: 0 | AO92: 1 | AP92: 0 | AQ92: 0 | AR92: 0 | AS92: 0 | AT92: 0 | AU92: 0 | AV92: 1 | AW92: 1 | AX92: 0 | AY92: 0 | AZ92: 1
A93: 1 | B93: AMR | C93: USA | D93: R093 | E93: Danbury Fair Mall | F93: Vintage D | G93: Apple Store | H93: Medium | I93: Slot | J93: 8' | K93: - | L93: 1 | M93: 0 | N93: 0 | O93: 0 | P93: 1 | Q93: 0 | R93: 1 | S93: 1 | T93: 1 | U93: 0 | V93: 0 | W93: 1 | X93: 0 | Y93: 0 | Z93: 0 | AA93: 0 | AB93: 1 | AC93: 0 | AD93: 1 | AE93: 0 | AF93: 0 | AG93: 0 | AH93: 0 | AI93: 0 | AJ93: 1 | AK93: 0 | AL93: 0 | AM93: 0 | AN93: 0 | AO93: 1 | AP93: 0 | AQ93: 0 | AR93: 0 | AS93: 0 | AT93: 0 | AU93: 0 | AV93: 0 | AW93: 0 | AX93: 1 | AY93: 0 | AZ93: 1
A94: 1 | B94: AMR | C94: USA | D94: R094 | E94: Victoria Gardens | F94: Vintage C | G94: Apple Store+ | H94: Large | I94: Slug | J94: 10' | K94: 15' | L94: 1 | M94: 0 | N94: 0 | O94: 1 | P94: 0 | Q94: 0 | R94: 1 | S94: 1 | T94: 1 | U94: 1 | V94: 0 | W94: 0 | X94: 1 | Y94: 1 | Z94: 0 | AA94: 1 | AB94: 0 | AC94: 1 | AD94: 1 | AE94: 0 | AF94: 0 | AG94: 0 | AH94: 0 | AI94: 0 | AJ94: 0 | AK94: 1 | AL94: 0 | AM94: 0 | AN94: 1 | AO94: 1 | AP94: 0 | AQ94: 0 | AR94: 0 | AS94: 1 | AT94: 0 | AU94: 0 | AV94: 1 | AW94: 1 | AX94: 0 | AY94: 0 | AZ94: 1
A95: 1 | B95: AMR | C95: USA | D95: R095 | E95: Fifth Avenue (5th) | F95: Vintage D | G95: Flagship+ | H95: X-Large | I95: Slug | J95: 20' | K95: - | L95: 2 | M95: 0 | N95: 2 | O95: 0 | P95: 0 | Q95: 0 | R95: 2 | S95: 2 | T95: 8 | U95: 0 | V95: 0 | W95: 2 | X95: 0 | Y95: 0 | Z95: 0 | AA95: 2 | AB95: 2 | AC95: 0 | AD95: 4 | AE95: 0 | AF95: 1 | AG95: 0 | AH95: 1 | AI95: 0 | AJ95: 0 | AK95: 0 | AL95: 1 | AM95: 0 | AN95: 0 | AO95: 1 | AP95: 0 | AQ95: 0 | AR95: 0 | AS95: 0 | AT95: 0 | AU95: 0 | AV95: 2 | AW95: 2 | AX95: 0 | AY95: 0 | AZ95: 2
A96: 1 | B96: AMR | C96: USA | D96: R096 | E96: Shadyside | F96: Vintage D | G96: Apple Store+ | H96: Medium | I96: Slot | J96: 8' | L96: 1 | M96: 0 | N96: 0 | O96: 0 | P96: 1 | Q96: 0 | R96: 1 | S96: 1 | T96: 1 | U96: 0 | V96: 0 | W96: 1 | X96: 0 | Y96: 0 | Z96: 0 | AA96: 0 | AB96: 1 | AC96: 0 | AD96: 1 | AE96: 0 | AF96: 0 | AG96: 0 | AH96: 0 | AI96: 0 | AJ96: 1 | AK96: 0 | AL96: 0 | AM96: 0 | AN96: 0 | AO96: 1 | AP96: 0 | AQ96: 0 | AR96: 0 | AS96: 0 | AT96: 0 | AU96: 0 | AV96: 0 | AW96: 0 | AX96: 1 | AY96: 0 | AZ96: 1
A97: 1 | B97: AMR | C97: USA | D97: R097 | E97: Country Club Plaza | F97: Vintage D | G97: Apple Store+ | H97: Medium | I97: Slot | J97: 10' | K97: - | L97: 1 | M97: 0 | N97: 0 | O97: 0 | P97: 1 | Q97: 0 | R97: 1 | S97: 1 | T97: 1 | U97: 0 | V97: 0 | W97: 1 | X97: 0 | Y97: 0 | Z97: 0 | AA97: 0 | AB97: 1 | AC97: 0 | AD97: 1 | AE97: 0 | AF97: 0 | AG97: 0 | AH97: 0 | AI97: 0 | AJ97: 1 | AK97: 0 | AL97: 0 | AM97: 0 | AN97: 0 | AO97: 1 | AP97: 0 | AQ97: 0 | AR97: 0 | AS97: 0 | AT97: 0 | AU97: 0 | AV97: 0 | AW97: 0 | AX97: 1 | AY97: 0 | AZ97: 1
A98: 1 | B98: AMR | C98: USA | D98: R099 | E98: Stanford Shopping Center | F98: Vintage C | G98: Apple Store+ | H98: X-Large | I98: Slot | J98: 10' | K98: 15' | L98: 1 | M98: 0 | N98: 1 | O98: 0 | P98: 1 | Q98: 0 | R98: 2 | S98: 1 | T98: 1 | U98: 2 | V98: 0 | W98: 2 | X98: 2 | Y98: 1 | Z98: 0 | AA98: 1 | AB98: 1 | AC98: 0 | AD98: 1 | AE98: 0 | AF98: 0 | AG98: 0 | AH98: 0 | AI98: 0 | AJ98: 0 | AK98: 1 | AL98: 0 | AM98: 0 | AN98: 1 | AO98: 0 | AP98: 2 | AQ98: 0 | AR98: 0 | AS98: 1 | AT98: 0 | AU98: 0 | AV98: 1 | AW98: 1 | AX98: 0 | AY98: 0 | AZ98: 1
A99: 1 | B99: AMR | C99: USA | D99: R100 | E99: Alderwood Mall | F99: Vintage D | G99: Apple Store+ | H99: Medium | I99: Slug | J99: 10' | K99: - | L99: 1 | M99: 0 | N99: 0 | O99: 0 | P99: 1 | Q99: 0 | R99: 1 | S99: 1 | T99: 1 | U99: 0 | V99: 0 | W99: 1 | X99: 0 | Y99: 0 | Z99: 0 | AA99: 0 | AB99: 1 | AC99: 0 | AD99: 1 | AE99: 0 | AF99: 0 | AG99: 0 | AH99: 0 | AI99: 0 | AJ99: 1 | AK99: 0 | AL99: 0 | AM99: 0 | AN99: 0 | AO99: 1 | AP99: 0 | AQ99: 0 | AR99: 0 | AS99: 0 | AT99: 0 | AU99: 0 | AV99: 0 | AW99: 0 | AX99: 1 | AY99: 0 | AZ99: 1
A100: 1 | B100: AMR | C100: USA | D100: R101 | E100: Stoneridge Mall | F100: Vintage D | G100: Apple Store | H100: Large | I100: Slot | J100: 10' | K100: - | L100: 1 | M100: 0 | N100: 0 | O100: 0 | P100: 1 | Q100: 0 | R100: 1 | S100: 1 | T100: 1 | U100: 1 | V100: 0 | W100: 1 | X100: 0 | Y100: 0 | Z100: 0 | AA100: 0 | AB100: 1 | AC100: 0 | AD100: 1 | AE100: 0 | AF100: 0 | AG100: 0 | AH100: 0 | AI100: 0 | AJ100: 1 | AK100: 0 | AL100: 0 | AM100: 0 | AN100: 0 | AO100: 1 | AP100: 0 | AQ100: 0 | AR100: 0 | AS100: 0 | AT100: 0 | AU100: 0 | AV100: 1 | AW100: 1 | AX100: 0 | AY100: 0 | AZ100: 1
A101: 1 | B101: AMR | C101: USA | D101: R102 | E101: Christiana Mall | F101: Vintage C | G101: Apple Store | H101: X-Large | I101: Slug | J101: 10' | K101: 15' | L101: 1 | M101: 0 | N101: 1 | O101: 0 | P101: 0 | Q101: 0 | R101: 1 | S101: 2 | T101: 2 | U101: 2 | V101: 0 | W101: 2 | X101: 2 | Y101: 0 | Z101: 1 | AA101: 1 | AB101: 1 | AC101: 1 | AD101: 1 | AE101: 1 | AF101: 0 | AG101: 1 | AH101: 1 | AI101: 0 | AJ101: 0 | AK101: 0 | AL101: 1 | AM101: 1 | AN101: 0 | AO101: 1 | AP101: 0 | AQ101: 0 | AR101: 0 | AS101: 2 | AT101: 0 | AU101: 0 | AV101: 1 | AW101: 1 | AX101: 0 | AY101: 0 | AZ101: 1
A102: 1 | B102: AMR | C102: USA | D102: R103 | E102: Rockaway | F102: Vintage C | G102: Apple Store | H102: Large | I102: Slot | J102: 10' | K102: 15' | L102: 1 | M102: 0 | N102: 1 | O102: 0 | P102: 0 | Q102: 0 | R102: 1 | S102: 1 | T102: 1 | U102: 1 | V102: 0 | W102: 1 | X102: 1 | Y102: 0 | Z102: 1 | AA102: 1 | AB102: 0 | AC102: 1 | AD102: 1 | AE102: 0 | AF102: 0 | AG102: 0 | AH102: 0 | AI102: 0 | AJ102: 0 | AK102: 1 | AL102: 0 | AM102: 0 | AN102: 1 | AO102: 1 | AP102: 0 | AQ102: 0 | AR102: 0 | AS102: 1 | AT102: 0 | AU102: 0 | AV102: 1 | AW102: 1 | AX102: 0 | AY102: 0 | AZ102: 1
A103: 1 | B103: AMR | C103: USA | D103: R104 | E103: Bridgewater | F103: Vintage D | G103: Apple Store | H103: Medium | I103: Slug | J103: 10' | K103: - | L103: 1 | M103: 0 | N103: 0 | O103: 0 | P103: 1 | Q103: 0 | R103: 1 | S103: 1 | T103: 1 | U103: 0 | V103: 0 | W103: 1 | X103: 0 | Y103: 0 | Z103: 0 | AA103: 0 | AB103: 1 | AC103: 0 | AD103: 1 | AE103: 0 | AF103: 0 | AG103: 0 | AH103: 0 | AI103: 0 | AJ103: 1 | AK103: 0 | AL103: 0 | AM103: 0 | AN103: 0 | AO103: 0 | AP103: 0 | AQ103: 1 | AR103: 0 | AS103: 0 | AT103: 0 | AU103: 0 | AV103: 1 | AW103: 1 | AX103: 0 | AY103: 0 | AZ103: 1
A104: 1 | B104: AMR | C104: USA | D104: R105 | E104: Oakridge | F104: Vintage C | G104: Apple Store | H104: X-Large | I104: Slot | J104: 8' | K104: 15' | L104: 1 | M104: 0 | N104: 0 | O104: 0 | P104: 1 | Q104: 0 | R104: 1 | S104: 1 | T104: 1 | U104: 1 | V104: 0 | W104: 0 | X104: 2 | Y104: 1 | Z104: 0 | AA104: 1 | AB104: 0 | AC104: 1 | AD104: 1 | AE104: 0 | AF104: 0 | AG104: 1 | AH104: 1 | AI104: 0 | AJ104: 0 | AK104: 0 | AL104: 1 | AM104: 0 | AN104: 1 | AO104: 1 | AP104: 0 | AQ104: 0 | AR104: 0 | AS104: 1 | AT104: 0 | AU104: 0 | AV104: 1 | AW104: 1 | AX104: 0 | AY104: 0 | AZ104: 1
A105: 1 | B105: AMR | C105: USA | D105: R106 | E105: Southcenter | F105: Vintage C | G105: Apple Store | H105: Medium | I105: Slot | J105: 10' | K105: 15' | L105: 1 | M105: 0 | N105: 0 | O105: 0 | P105: 1 | Q105: 0 | R105: 1 | S105: 1 | T105: 1 | U105: 0 | V105: 0 | W105: 0 | X105: 1 | Y105: 1 | Z105: 0 | AA105: 0 | AB105: 1 | AC105: 0 | AD105: 1 | AE105: 0 | AF105: 0 | AG105: 0 | AH105: 0 | AI105: 0 | AJ105: 0 | AK105: 1 | AL105: 0 | AM105: 0 | AN105: 1 | AO105: 0 | AP105: 1 | AQ105: 0 | AR105: 0 | AS105: 1 | AT105: 0 | AU105: 0 | AV105: 0 | AW105: 0 | AX105: 1 | AY105: 0 | AZ105: 1
A106: 1 | B106: AMR | C106: USA | D106: R107 | E106: Syracuse | F106: Vintage C | G106: Apple Store | H106: Large | I106: Slot | J106: 10' | K106: 15' | L106: 1 | M106: 0 | N106: 1 | O106: 0 | P106: 0 | Q106: 0 | R106: 1 | S106: 1 | T106: 1 | U106: 1 | V106: 0 | W106: 0 | X106: 1 | Y106: 1 | Z106: 0 | AA106: 0 | AB106: 1 | AC106: 0 | AD106: 1 | AE106: 0 | AF106: 0 | AG106: 0 | AH106: 0 | AI106: 0 | AJ106: 0 | AK106: 1 | AL106: 0 | AM106: 0 | AN106: 1 | AO106: 0 | AP106: 1 | AQ106: 0 | AR106: 0 | AS106: 1 | AT106: 0 | AU106: 0 | AV106: 1 | AW106: 1 | AX106: 0 | AY106: 0 | AZ106: 1
A107: 1 | B107: AMR | C107: USA | D107: R108 | E107: Century City | F107: Vintage D | G107: Apple Store+ | H107: X-Large | I107: Slot | J107: 10' | K107: - | L107: 1 | M107: 0 | N107: 1 | O107: 0 | P107: 0 | Q107: 0 | R107: 1 | S107: 1 | T107: 1 | U107: 1 | V107: 0 | W107: 1 | X107: 0 | Y107: 0 | Z107: 0 | AA107: 1 | AB107: 1 | AC107: 0 | AD107: 1 | AE107: 0 | AF107: 1 | AG107: 0 | AH107: 1 | AI107: 0 | AJ107: 0 | AK107: 0 | AL107: 1 | AM107: 0 | AN107: 0 | AO107: 1 | AP107: 0 | AQ107: 0 | AR107: 0 | AS107: 0 | AT107: 0 | AU107: 0 | AV107: 1 | AW107: 1 | AX107: 0 | AY107: 0 | AZ107: 1
A108: 1 | B108: AMR | C108: USA | D108: R109 | E108: Jordan Creek | F108: Vintage D | G108: Apple Store | H108: Medium | I108: Slot | J108: 12' | K108: - | L108: 1 | M108: 0 | N108: 0 | O108: 0 | P108: 1 | Q108: 0 | R108: 1 | S108: 1 | T108: 1 | U108: 0 | V108: 0 | W108: 1 | X108: 0 | Y108: 0 | Z108: 0 | AA108: 0 | AB108: 1 | AC108: 0 | AD108: 1 | AE108: 0 | AF108: 0 | AG108: 0 | AH108: 0 | AI108: 0 | AJ108: 1 | AK108: 0 | AL108: 0 | AM108: 0 | AN108: 0 | AO108: 1 | AP108: 0 | AQ108: 0 | AR108: 0 | AS108: 0 | AT108: 0 | AU108: 0 | AV108: 0 | AW108: 0 | AX108: 1 | AY108: 0 | AZ108: 1
... A111: 1 | B111: AMR | C111: USA | D111: R112 | E111: Bethesda Row | F111: Vintage C | G111: Apple Store+ | H111: Medium | I111: Slot | J111: 10' | K111: 15' | L111: 1 | M111: 0 | N111: 0 | O111: 0 | P111: 1 | Q111: 0 | R111: 1 | S111: 1 | T111: 1 | U111: 0 | V111: 0 | W111: 0 | X111: 1 | Y111: 1 | Z111: 0 | AA111: 0 | AB111: 0 | AC111: 1 | AD111: 1 | AE111: 0 | AF111: 0 | AG111: 0 | AH111: 0 | AI111: 0 | AJ111: 0 | AK111: 1 | AL111: 0 | AM111: 0 | AN111: 1 | AO111: 1 | AP111: 0 | AQ111: 0 | AR111: 0 | AS111: 1 | AT111: 0 | AU111: 0 | AV111: 1 | AW111: 1 | AX111: 0 | AY111: 0 | AZ111: 1
A112: 1 | B112: EMEIA | C112: GB | D112: R113 | E112: Bluewater | F112: Vintage D | G112: Apple Store | H112: Large | I112: Slot | J112: 10' | K112: - | L112: 1 | M112: 0 | N112: 1 | O112: 0 | P112: 0 | Q112: 0 | R112: 1 | S112: 1 | T112: 1 | U112: 0 | V112: 0 | W112: 1 | X112: 0 | Y112: 0 | AA112: 0 | AB112: 1 | AC112: 0 | AD112: 1 | AE112: 0 | AF112: 0 | AG112: 0 | AH112: 0 | AI112: 0 | AJ112: 1 | AK112: 0 | AL112: 0 | AM112: 0 | AN112: 0 | AO112: 1 | AP112: 0 | AQ112: 0 | AR112: 0 | AS112: 0 | AT112: 0 | AU112: 0 | AV112: 1 | AW112: 1 | AX112: 0 | AY112: 0 | AZ112: 1
A113: 1 | B113: AMR | C113: USA | D113: R114 | E113: Saint Louis Galleria | F113: Vintage C | G113: Apple Store | H113: Medium | I113: Slot | J113: 10' | K113: 15' | L113: 1 | M113: 0 | N113: 0 | O113: 0 | P113: 1 | Q113: 0 | R113: 1 | S113: 1 | T113: 1 | U113: 0 | V113: 0 | W113: 1 | X113: 1 | Y113: 0 | Z113: 0 | AA113: 0 | AB113: 0 | AC113: 1 | AD113: 1 | AE113: 0 | AF113: 0 | AG113: 0 | AH113: 0 | AI113: 0 | AJ113: 0 | AK113: 1 | AL113: 0 | AM113: 0 | AN113: 0 | AO113: 1 | AP113: 0 | AQ113: 0 | AR113: 0 | AS113: 1 | AT113: 0 | AU113: 0 | AV113: 1 | AW113: 1 | AX113: 0 | AY113: 0 | AZ113: 1
A114: 1 | B114: AMR | C114: USA | D114: R115 | E114: Lincoln Road | F114: Vintage C | G114: Apple Store+ | H114: X-Large | I114: Slot | J114: 10' | K114: 15' | L114: 1 | M114: 0 | N114: 0 | O114: 1 | P114: 0 | Q114: 0 | R114: 1 | S114: 1 | T114: 1 | U114: 1 | V114: 0 | W114: 1 | X114: 1 | Y114: 0 | Z114: 1 | AA114: 1 | AB114: 1 | AC114: 0 | AD114: 1 | AE114: 1 | AF114: 0 | AG114: 1 | AH114: 1 | AI114: 0 | AJ114: 0 | AK114: 0 | AL114: 0 | AM114: 0 | AN114: 1 | AO114: 0 | AP114: 1 | AQ114: 0 | AR114: 0 | AS114: 1 | AT114: 0 | AU114: 0 | AV114: 1 | AW114: 1 | AX114: 0 | AY114: 0 | AZ114: 1
A115: 1 | B115: AMR | C115: USA | D115: R116 | E115: Crabtree Valley Mall | F115: Vintage D | G115: Apple Store | H115: X-Large | I115: Slug | J115: 8' | K115: - | L115: 1 | M115: 0 | N115: 1 | O115: 0 | P115: 0 | Q115: 0 | R115: 1 | S115: 1 | T115: 1 | U115: 1 | V115: 0 | W115: 1 | X115: 0 | Y115: 0 | Z115: 0 | AA115: 0 | AB115: 1 | AC115: 0 | AD115: 1 | AE115: 0 | AF115: 0 | AG115: 0 | AH115: 0 | AI115: 0 | AJ115: 1 | AK115: 0 | AL115: 1 | AM115: 0 | AN115: 0 | AO115: 1 | AP115: 0 | AQ115: 0 | AR115: 0 | AS115: 0 | AT115: 0 | AU115: 0 | AV115: 1 | AW115: 1 | AX115: 0 | AY115: 0 | AZ115: 1
A116: 1 | B116: AMR | C116: USA | D116: R117 | E116: Garden State Plaza | F116: Vintage C | G116: Apple Store | H116: X-Large | I116: Slot | J116: 10' | K116: 15' | L116: 1 | M116: 0 | N116: 1 | O116: 0 | P116: 0 | Q116: 0 | R116: 1 | S116: 1 | T116: 2 | U116: 2 | V116: 0 | W116: 2 | X116: 1 | Y116: 0 | Z116: 1 | AA116: 1 | AB116: 1 | AC116: 0 | AD116: 1 | AE116: 1 | AF116: 0 | AG116: 1 | AH116: 1 | AI116: 0 | AJ116: 0 | AK116: 0 | AL116: 1 | AM116: 0 | AN116: 1 | AO116: 1 | AP116: 0 | AQ116: 0 | AR116: 0 | AS116: 1 | AT116: 0 | AU116: 0 | AV116: 1 | AW116: 1 | AX116: 0 | AY116: 0 | AZ116: 1
A117: 1 | B117: EMEIA | C117: GB | D117: R118 | E117: BIRMINGHAM | F117: Vintage D | G117: Flagship | H117: X-Large | I117: Slot | J117: 12' | K117: - | L117: 1 | M117: 0 | N117: 1 | O117: 0 | P117: 0 | Q117: 0 | R117: 2 | S117: 1 | T117: 1 | U117: 1 | V117: 0 | W117: 1 | X117: 0 | Y117: 0 | AA117: 0 | AB117: 1 | AC117: 0 | AD117: 1 | AE117: 0 | AF117: 0 | AG117: 0 | AH117: 0 | AI117: 0 | AJ117: 1 | AK117: 0 | AL117: 0 | AM117: 0 | AN117: 0 | AO117: 1 | AP117: 0 | AQ117: 0 | AR117: 0 | AS117: 0 | AT117: 0 | AU117: 0 | AV117: 1 | AW117: 1 | AX117: 0 | AY117: 0 | AZ117: 1
A118: 1 | B118: APAC | C118: Japan | D118: R119 | E118: Shibuya (Tokyo) | F118: Vintage D | G118: Apple Store+ | H118: Small | I118: Slug | J118: 10' | K118: - | L118: 1 | M118: 0 | N118: 0 | O118: 0 | P118: 1 | Q118: 0 | R118: 1 | S118: 1 | T118: 0 | U118: 0 | V118: 0 | W118: 1 | X118: 0 | Y118: 0 | AA118: 0 | AB118: 1 | AC118: 0 | AD118: 1 | AE118: 0 | AF118: 0 | AG118: 0 | AH118: 0 | AI118: 0 | AJ118: 1 | AK118: 0 | AL118: 0 | AM118: 0 | AN118: 0 | AO118: 0 | AP118: 0 | AQ118: 0 | AR118: 1 | AS118: 0 | AT118: 0 | AU118: 0 | AV118: 0 | AW118: 0 | AX118: 1 | AY118: 0 | AZ118: 1 | BA118: 2
A119: 1 | B119: AMR | C119: Canada | D119: R120 | E119: Yorkdale | F119: Vintage C | G119: Apple Store | H119: X-Large | I119: Slug | J119: 10' | K119: 15' | L119: 2 | M119: 0 | N119: 1 | O119: 0 | P119: 0 | Q119: 0 | R119: 1 | S119: 1 | T119: 3 | U119: 1 | V119: 0 | W119: 2 | X119: 1 | Y119: 0 | Z119: 1 | AA119: 1 | AB119: 2 | AC119: 0 | AD119: 2 | AE119: 0 | AF119: 1 | AG119: 0 | AH119: 0 | AI119: 1 | AJ119: 0 | AK119: 0 | AL119: 1 | AM119: 0 | AN119: 1 | AO119: 1 | AP119: 1 | AQ119: 0 | AR119: 0 | AS119: 1 | AT119: 0 | AU119: 0 | AV119: 1 | AW119: 1 | AX119: 0 | AY119: 0 | AZ119: 1
A120: 1 | B120: AMR | C120: Canada | D120: R121 | E120: Eaton Centre | F120: Vintage D | G120: Apple Store | H120: X-Large | I120: Slug | J120: 12' | K120: - | L120: 2 | M120: 0 | N120: 1 | O120: 0 | P120: 0 | Q120: 0 | R120: 2 | S120: 1 | T120: 1 | U120: 0 | V120: 0 | W120: 1 | X120: 0 | Y120: 0 | Z120: 0 | AA120: 0 | AB120: 1 | AC120: 0 | AD120: 1 | AE120: 0 | AF120: 0 | AG120: 0 | AH120: 0 | AI120: 0 | AJ120: 1 | AK120: 0 | AL120: 0 | AM120: 0 | AN120: 0 | AO120: 1 | AP120: 0 | AQ120: 0 | AR120: 0 | AS120: 0 | AT120: 0 | AU120: 0 | AV120: 1 | AW120: 1 | AX120: 0 | AY120: 0 | AZ120: 1
A121: 1 | B121: AMR | C121: USA | D121: R122 | E121: Manhattan Village | F121: Vintage C | G121: Apple Store | H121: X-Large | I121: Slot | J121: 8' | K121: 15' | L121: 1 | M121: 0 | N121: 1 | O121: 0 | P121: 0 | Q121: 0 | R121: 1 | S121: 1 | T121: 2 | U121: 1 | V121: 0 | W121: 1 | X121: 2 | Y121: 0 | Z121: 1 | AA121: 1 | AB121: 0 | AC121: 1 | AD121: 2 | AE121: 0 | AF121: 0 | AG121: 1 | AH121: 1 | AI121: 0 | AJ121: 0 | AK121: 0 | AL121: 1 | AM121: 0 | AN121: 0 | AO121: 1 | AP121: 0 | AQ121: 0 | AR121: 0 | AS121: 1 | AT121: 0 | AU121: 0 | AV121: 1 | AW121: 1 | AX121: 0 | AY121: 0 | AZ121: 1
A122: 1 | B122: AMR | C122: USA | D122: R123 | E122: Green Hills | F122: Vintage D | G122: Apple Store | H122: Medium | I122: Slug | J122: 8' | K122: - | L122: 1 | M122: 0 | N122: 0 | O122: 0 | P122: 1 | Q122: 0 | R122: 1 | S122: 1 | T122: 1 | U122: 0 | V122: 0 | W122: 1 | X122: 0 | Y122: 0 | Z122: 0 | AA122: 0 | AB122: 1 | AC122: 0 | AD122: 1 | AE122: 0 | AF122: 0 | AG122: 0 | AH122: 0 | AI122: 0 | AJ122: 1 | AK122: 0 | AL122: 0 | AM122: 0 | AN122: 0 | AO122: 1 | AP122: 0 | AQ122: 0 | AR122: 0 | AS122: 0 | AT122: 0 | AU122: 0 | AV122: 0 | AW122: 0 | AX122: 1 | AY122: 0 | AZ122: 1
A123: 1 | B123: AMR | C123: USA | D123: R124 | E123: Beverly Center | F123: Vintage D | G123: Apple Store | H123: Large | I123: Slug | J123: 8' | K123: - | L123: 1 | M123: 0 | N123: 0 | O123: 0 | P123: 1 | Q123: 0 | R123: 1 | S123: 1 | T123: 1 | U123: 1 | V123: 0 | W123: 1 | X123: 0 | Y123: 0 | Z123: 0 | AA123: 0 | AB123: 1 | AC123: 0 | AD123: 1 | AE123: 0 | AF123: 0 | AG123: 0 | AH123: 0 | AI123: 0 | AJ123: 1 | AK123: 0 | AL123: 0 | AM123: 0 | AN123: 0 | AO123: 1 | AP123: 0 | AQ123: 0 | AR123: 0 | AS123: 0 | AT123: 0 | AU123: 0 | AV123: 1 | AW123: 1 | AX123: 0 | AY123: 0 | AZ123: 1
A124: 1 | B124: AMR | C124: USA | D124: R125 | E124: City Creek (The Gateway) | F124: Vintage C | G124: Apple Store+ | H124: X-Large | I124: Slot | J124: 8' | K124: 15' | L124: 1 | M124: 0 | N124: 1 | O124: 0 | P124: 0 | Q124: 0 | R124: 1 | S124: 1 | T124: 2 | U124: 1 | V124: 0 | W124: 1 | X124: 1 | Y124: 0 | Z124: 1 | AA124: 1 | AB124: 1 | AC124: 1 | AD124: 1 | AE124: 0 | AF124: 0 | AG124: 1 | AH124: 1 | AI124: 0 | AJ124: 0 | AK124: 0 | AL124: 0 | AM124: 0 | AN124: 1 | AO124: 1 | AP124: 0 | AQ124: 0 | AR124: 0 | AS124: 1 | AT124: 0 | AU124: 0 | AV124: 1 | AW124: 1 | AX124: 0 | AY124: 0 | AZ124: 1
A125: 1 | B125: AMR | C125: USA | D125: R126 | E125: The Woodlands | F125: Vintage D | G125: Apple Store | H125: Medium | I125: Slug | J125: 10' | K125: - | L125: 1 | M125: 0 | N125: 0 | O125: 0 | P125: 1 | Q125: 0 | R125: 1 | S125: 1 | T125: 1 | U125: 0 | V125: 0 | W125: 1 | X125: 0 | Y125: 0 | Z125: 0 | AA125: 0 | AB125: 1 | AC125: 0 | AD125: 1 | AE125: 0 | AF125: 0 | AG125: 0 | AH125: 0 | AI125: 0 | AJ125: 1 | AK125: 0 | AL125: 0 | AM125: 0 | AN125: 0 | AO125: 0 | AP125: 0 | AQ125: 1 | AR125: 0 | AS125: 0 | AT125: 0 | AU125: 0 | AV125: 1 | AW125: 1 | AX125: 0 | AY125: 0 | AZ125: 1
A126: 1 | B126: AMR | C126: USA | D126: R127 | E126: The Gardens Mall | F126: Vintage D | G126: Apple Store | H126: Medium | I126: Slot | J126: 8' | K126: - | L126: 0 | M126: 0 | N126: 0 | O126: 0 | P126: 1 | Q126: 0 | R126: 1 | S126: 1 | T126: 1 | U126: 0 | V126: 0 | W126: 1 | X126: 0 | Y126: 0 | Z126: 0 | AA126: 0 | AB126: 1 | AC126: 0 | AD126: 1 | AE126: 0 | AF126: 0 | AG126: 0 | AH126: 0 | AI126: 0 | AJ126: 1 | AK126: 0 | AL126: 0 | AM126: 0 | AN126: 0 | AO126: 0 | AP126: 0 | AQ126: 1 | AR126: 0 | AS126: 0 | AT126: 0 | AU126: 0 | AV126: 1 | AW126: 1 | AX126: 0 | AY126: 0 | AZ126: 1
A127: 1 | B127: APAC | C127: Japan | D127: R128 | E127: Shinjuku | F127: Vintage D | G127: Apple Store+ | H127: Medium | I127: Slot | J127: 8' | K127: - | L127: 1 | M127: 0 | N127: 0 | O127: 0 | P127: 1 | Q127: 0 | R127: 1 | S127: 1 | T127: 1 | U127: 0 | V127: 0 | W127: 1 | X127: 0 | Y127: 0 | AA127: 0 | AB127: 1 | AC127: 0 | AD127: 1 | AE127: 0 | AF127: 0 | AG127: 0 | AH127: 0 | AI127: 0 | AJ127: 1 | AK127: 0 | AL127: 0 | AM127: 0 | AN127: 0 | AO127: 1 | AP127: 0 | AQ127: 0 | AR127: 0 | AS127: 0 | AT127: 0 | AU127: 0 | AV127: 1 | AW127: 1 | AX127: 0 | AY127: 0 | AZ127: 1 | BA127: 2
A128: 1 | B128: AMR | C128: USA | D128: R129 | E128: Pentagon City | F128: Vintage D | G128: Apple Store | H128: Large | I128: Slot | J128: 10' | K128: - | L128: 1 | M128: 0 | N128: 0 | O128: 0 | P128: 1 | Q128: 0 | R128: 1 | S128: 1 | T128: 1 | U128: 1 | V128: 0 | W128: 1 | X128: 0 | Y128: 0 | Z128: 0 | AA128: 0 | AB128: 1 | AC128: 0 | AD128: 1 | AE128: 0 | AF128: 0 | AG128: 0 | AH128: 0 | AI128: 0 | AJ128: 1 | AK128: 0 | AL128: 0 | AM128: 0 | AN128: 0 | AO128: 1 | AP128: 0 | AQ128: 0 | AR128: 0 | AS128: 0 | AT128: 0 | AU128: 0 | AV128: 1 | AW128: 1 | AX128: 0 | AY128: 0 | AZ128: 1
A129: 1 | B129: AMR | C129: USA | D129: R130 | E129: Penn Square | F129: Vintage D | G129: Apple Store | H129: Medium | I129: Slot | J129: 10' | K129: - | L129: 1 | M129: 0 | N129: 0 | O129: 0 | P129: 1 | Q129: 0 | R129: 1 | S129: 1 | T129: 1 | U129: 0 | V129: 0 | W129: 1 | X129: 0 | Y129: 0 | Z129: 0 | AA129: 0 | AB129: 1 | AC129: 0 | AD129: 1 | AE129: 0 | AF129: 0 | AG129: 0 | AH129: 0 | AI129: 0 | AJ129: 1 | AK129: 0 | AL129: 0 | AM129: 0 | AN129: 0 | AO129: 0 | AP129: 0 | AQ129: 1 | AR129: 0 | AS129: 0 | AT129: 0 | AU129: 0 | AV129: 1 | AW129: 1 | AX129: 0 | AY129: 0 | AZ129: 1
A130: 1 | B130: AMR | C130: USA | D130: R131 | E130: La Cantera | F130: Vintage C | G130: Apple Store+ | H130: Medium | I130: Slot | J130: 10' | K130: 20' | L130: 1 | M130: 0 | N130: 0 | O130: 1 | P130: 0 | Q130: 0 | R130: 1 | S130: 1 | T130: 1 | U130: 0 | V130: 0 | W130: 0 | X130: 1 | Y130: 1 | Z130: 0 | AA130: 0 | AB130: 0 | AC130: 1 | AD130: 1 | AE130: 0 | AF130: 0 | AG130: 0 | AH130: 0 | AI130: 0 | AJ130: 0 | AK130: 1 | AL130: 0 | AM130: 0 | AN130: 0 | AO130: 0 | AP130: 1 | AQ130: 0 | AR130: 0 | AS130: 0 | AT130: 1 | AU130: 0 | AV130: 0 | AW130: 0 | AX130: 1 | AY130: 0 | AZ130: 1
...

Sheet Avenue Assignments
N1: Confirmed with Tyler - no iPhones | R1: Confirmed with Geo (check 'Geo Accy Fixture' column at end) | S1: Confirmed with Geo (check 'Geo Accy Fixture' column at end) | U1: Confirmed with Geo (check 'Geo Accy Fixture' column at end) | BG1: V159 x1 Pink -Flex bay only | BI1: 1x needed per 10', x2 for 15', **have to add model in drawer** | BL1: x0 | BM1: x1 | CG1: Input manually using Geo inputs | CK1: Input manually using Geo inputs | CO1: Input manually using Geo inputs | CS1: 7/24 - aligned with Lisa to remove (email from Sabrina)
G2: 278 | H2: 278 | I2: 0 | J2: 0
A3: Store Number | B3: Store Name | C3: City | D3: Country or Region | E3: Geo | F3: Footprint | G3: 278 | H3: V159 - Pink | I3: V159 - Black | J3: V159 - White | K3: Demo Space | L3: FB1 (Tyler) | M3: FB2 (Julie) | N3: FB3 (Tyler) | O3: FB4 (Lisa) | P3: FB5 (Tyler) | Q3: FB6 (Eric) | R3: Express Wall | S3: ACCESSORIES FIXTURE-ACRONYM | T3: ACCESSORIES FIXTURE | U3: ACCESSORIES TABLE-ACRONYM | V3: ACCESSORIES TABLE | W3: AIRPODS-ACRONYM | X3: AIRPODS | Y3: AIRTAG-ACRONYM | Z3: AIRTAG | AA3: APP ENABLED ACCESSORIES-ACRONYM | AB3: APP ENABLED ACCESSORIES | AC3: APPLE MUSIC-ACRONYM | AD3: APPLE MUSIC | AE3: APPLE TV PLUS-ACRONYM | AF3: APPLE TV PLUS | AG3: APPLE VISION PRO-ACRONYM | AH3: APPLE VISION PRO | AI3: APU-ACRONYM | AJ3: APU | AK3: ARCADE-ACRONYM | AL3: ARCADE | AM3: CONNECTED HOME-ACRONYM | AN3: CONNECTED HOME | AO3: ESSENTIALS-ACRONYM | AP3: ESSENTIALS | AQ3: EXPRESS/PRODUCT ZONE-ACRONYM | AR3: EXPRESS/PRODUCT ZONE | AS3: FEATURE BAY-ACRONYM | AT3: FEATURE BAY | AU3: FITNESS PLUS-ACRONYM | AV3: FITNESS PLUS | AW3: GAMING-ACRONYM | AX3: GAMING | AY3: GRAPHIC PANEL | LIVING WALL-ACRONYM | AZ3: GRAPHIC PANEL | LIVING WALL | BA3: HOME-ACRONYM | BB3: HOME | BC3: IPAD CASES/MAC BAGS-ACRONYM | BD3: IPAD CASES/MAC BAGS | BE3: IPAD HERO-ACRONYM | BF3: IPAD HERO | BG3: IPHONE CASES-ACRONYM | BH3: IPHONE CASES | BI3: V159 - Pink | BJ3: IPHONE FEATURES-ACRONYM | BK3: IPHONE FEATURES | BL3: V159 - Pink | BM3: V159-White | BN3: IPHONE HERO-ACRONYM | BO3: IPHONE HERO | BP3: LOGO-ACRONYM | BQ3: LOGO | BR3: MAC HERO-ACRONYM | BS3: MAC HERO | BT3: MUSIC-ACRONYM | BU3: MUSIC | BV3: NSD MUSIC DEMO-ACRONYM | BW3: NSD MUSIC DEMO | BX3: SOFTGOODS-ACRONYM | BY3: SOFTGOODS | BZ3: WATCH-ACRONYM | CA3: WATCH | CB3: WATCH HERO-ACRONYM | CC3: WATCH HERO | CD3: IPHONE AND MAC ACCESSORIES (VIN D CONVERSION) | CE3: IPHONE ACCESSORIES (VIN D CONVERSION) | CF3: WW Counts | CG3: AMR ACCY FIXTURES | CH3: V159 - Pink | CI3: V159 - Black | CJ3: V159 - White | CK3: APAC ACCY FIXTURES | CL3: V159 - Pink | CM3: V159 - Black | CN3: V159 - White | CO3: EMEIA ACCY FIXTURES | CP3: V159 - Pink | CQ3: V159 - Black | CR3: V159 - White | CS3: iPhone Header | CT3: V159 - Pink | CU3: V159 - Black | CV3: V159 - White
A4: R001 | B4: GLEV53 Color BLE GALLERIA | C4: GLEV53 Color BLE,CA | D4: US | E4: AMR | F4: US | 2.16W (2.10W 2.6W) | R000 GLEV53 Color BLE GALLERIA | G4: Vintage | H4: 0 | I4: 0 | J4: 0 | K4: 1,2,3,4,5,6 | L4: X | M4: X | N4: X | O4: X | P4: X | Q4: X | AA4: AEA_FB3_2W_MF X 1 | AB4: R_US_AEA_FB3_2W | AO4: ESSENTIALS_2W_FB5_2W X 1 | AP4: R_US_ESSENTIALS_2W_FB5_2W | AS4: FB4 X 1 | AT4: R_US_FB4 | BG4: 6W | BH4: R_US_IPHONE_FB6_4W_FB2_2W | BT4: MUSIC_2W_FB1_2W X 1 | BU4: R_US_MUSIC_2W_FB1_2W | BX4: R_US_IPAD_2W X 1+R_US_MAC_1W X 1 | BY4: R_US_IPAD_2W+R_US_MAC_1W | BZ4: WATCH_1W X 1 | CA4: R_US_WATCH_1W | CG4: 0 | CH4: 0 | CI4: 0 | CJ4: 0 | CK4: 0 | CL4: 0 | CM4: 0 | CN4: 0 | CO4: 0 | CP4: 0 | CQ4: 0 | CR4: 0 | CS4: 0 | CT4: 0 | CU4: 0 | CV4: 0
A5: R002 | B5: PALO ALTO | C5: PALO ALTO,CA | D5: US | E5: AMR | F5: US | 200' (2x100') | NSD 2.0 | R002 | Palo Alto | G5: Avenues | H5: 1 | I5: 0 | J5: 0 | K5: N/A | W5: US_AIRPODS_10FT X 1 | X5: US_AIRPODS_10FT | Y5: AIRTAG_10FT X 1 | Z5: US_AIRTAG_10FT | AC5: APPLE_MUSIC_10FT X 1 | AD5: US_APPLE_MUSIC_10FT | AE5: TV_PLUS_10FT_FLEX X 1 | AF5: US_TV_PLUS_10FT_FLEX | AK5: ARCADE_15FT X 1 | AL5: US_ARCADE_15FT | AM5: CONNECTED_HOME_10FT X 1 | AN5: US_CONNECTED_HOME_10FT | AO5: ESSENTIALS_15FT X 1 | AP5: US_ESSENTIALS_15FT | AU5: FITNESS_PLUS_10FT X 1 | AV5: US_FITNESS_PLUS_10FT | AY5: LIVING_WALL_25FT X 2+US_GRAPHIC_PANEL_10FT X 2 | AZ5: US_LIVING_WALL_25FT+US_LIVING_WALL_25FT+US_GRAPHIC_PANEL_10FT+US_GRAPHIC_PANEL_10FT | BG5: 10FT (D.1) | BH5: US_IPHONE_10FT | BJ5: IPHONE_FEATURES_10FT X 1 | BK5: US_IPHONE_FEATURES_10FT | BL5: 1 | BM5: 0 | BX5: SOFTGOODS_10FT X 1 | BY5: US_SOFTGOODS_10FT | BZ5: US_WATCH_EXTENDED_10FT X 1 | CA5: US_WATCH_EXTENDED_10FT | CD5: 1 | CE5: 1 | CG5: 0 | CH5: 0 | CI5: 0 | CJ5: 0 | CK5: 0 | CL5: 0 | CM5: 0 | CN5: 0 | CO5: 0 | CP5: 0 | CQ5: 0 | CR5: 0 | CS5: 0 | CT5: 0 | CU5: 0 | CV5: 0
A6: R003 | B6: BELLEVUE SQUARE | C6: BELLEVUE,WA | D6: US | E6: AMR | F6: US | 3.12W (6.6W) | R003 | Bellevue Square | G6: Vintage | H6: 0 | I6: 0 | J6: 0 | K6: 1,2,3,4,5,6 | L6: X | M6: X | N6: X | O6: X | P6: X | Q6: X | AA6: AEA_2W_FB3_2W X 1 | AB6: R_US_AEA_2W_FB3_2W | AO6: ESSENTIALS_2W_FB5_2W X 1 | AP6: R_US_ESSENTIALS_2W_FB5_2W | AS6: FB4 X 1 | AT6: R_US_FB4 | BG6: 6W | BH6: R_US_IPHONE_4W_FB2_2W | BT6: MUSIC_2W_FB1_2W X 1 | BU6: R_US_MUSIC_2W_FB1_2W | BX6: SOFTGOODS_2W_FB6_2W X 1 | BY6: R_US_SOFTGOODS_2W_FB6_2W | BZ6: R_US_WATCH_2W X 1 | CA6: R_US_WATCH_2W | CG6: 0 | CH6: 0 | CI6: 0 | CJ6: 0 | CK6: 0 | CL6: 0 | CM6: 0 | CN6: 0 | CO6: 0 | CP6: 0 | CQ6: 0 | CR6: 0 | CS6: 0 | CT6: 0 | CU6: 0 | CV6: 0
A7: R004 | B7: SOUTH COAST PLAZA | C7: COSTA MESA,CA | D7: US | E7: AMR | F7: US | 2.12W (4.6W) | G7: Vintage | H7: 0 | I7: 0 | J7: 0 | K7: 1,2,3,4 | L7: X | M7: X | N7: X | O7: X | AA7: AEA_FB3_2W X 1 | AB7: R_US_AEA_FB3_2W | AO7: ESSENTIALS_4W X 1 | AP7: R_US_ESSENTIALS_4W | AS7: FB4 X 1 | AT7: R_US_FB4 | BG7: 4W | BH7: R_US_IPHONE_2W_FB2_2W | BT7: MUSIC_2W_FB1 X 1 | BU7: R_US_MUSIC_2W_FB1 | BX7: R_US_IPAD_2W X 1+R_US_MAC_1W X 1 | BY7: R_US_IPAD_2W+R_US_MAC_1W | BZ7: WATCH_1W X 1 | CA7: R_US_WATCH_1W | CG7: 0 | CH7: 0 | CI7: 0 | CJ7: 0 | CK7: 0 | CL7: 0 | CM7: 0 | CN7: 0 | CO7: 0 | CP7: 0 | CQ7: 0 | CR7: 0 | CS7: 0 | CT7: 0 | CU7: 0 | CV7: 0
A8: R005 | B8: NAGOYA SAKAE | C8: NAKA-KU NAGOYA,23 | D8: JP | E8: APAC | F8: JP | 36W (2.18W) | VIN C | R005 NAGOYA SAKAE | G8: Vintage | H8: 0 | I8: 0 | J8: 0 | K8: 1,1,2,3,4,5,6 | L8: X | M8: X | N8: X | O8: X | P8: X | Q8: X | AA8: AEA_2W_FB3 X 1 | AB8: R_JP_AEA_2W_FB3_SHORT | AO8: ESSENTIALS_4W_FB5_2W X 1 | AP8: R_JP_ESSENTIALS_4W_FB5_2W_SHORT | AS8: FB4 X 1 | AT8: R_JP_FB4 | BG8: 8W | BH8: R_JP_IPHONE_4W_FB2_2W_SHORT | BT8: MUSIC_2W_FB1_2W X 1 | BU8: R_JP_MUSIC_2W_FB1_2W_SHORT | BX8: SOFTGOODS_2W_FB6_2W X 1 | BY8: R_JP_SOFTGOODS_2W_FB6_2W_SHORT | BZ8: WATCH_2W X 1 | CA8: R_JP_WATCH_2W_SHORT | CG8: 0 | CH8: 0 | CI8: 0 | CJ8: 0 | CK8: 0 | CL8: 0 | CM8: 0 | CN8: 0 | CO8: 0 | CP8: 0 | CQ8: 0 | CR8: 0 | CS8: 0 | CT8: 0 | CU8: 0 | CV8: 0
A9: R006 | B9: LENOX SQUARE | C9: ATLANTA,GA | D9: US | E9: AMR | F9: US | 120’ (1x70 1x40 1x30) | NSD 2.0 | 2F | R006 | Lenox Squ | G9: Avenues | H9: 1 | I9: 0 | J9: 0 | K9: N/A | W9: US_AIRPODS_10FT X 1 | X9: US_AIRPODS_10FT | Y9: AIRTAG_10FT X 1 | Z9: US_AIRTAG_10FT | AC9: APPLE_MUSIC_10FT X 1 | AD9: US_APPLE_MUSIC_10FT | AE9: TV_PLUS_10FT_FLEX_LP X 1 | AF9: US_TV_PLUS_10FT_FLEX_LP | AK9: ARCADE_10FT X 1 | AL9: US_ARCADE_10FT | AM9: CONNECTED_HOME_10FT X 1 | AN9: US_CONNECTED_HOME_10FT | AO9: ESSENTIALS_10FT_FLEXBAY X 1+US_ESSENTIALS_10FT_MULTI_CL X 1 | AP9: US_ESSENTIALS_10FT_FLEXBAY+US_ESSENTIALS_10FT_MULTI_CL | AU9: FITNESS_PLUS_10FT X 1 | AV9: US_FITNESS_PLUS_10FT | BG9: 20FT (D.1) | BH9: US_IPHONE_10FT+US_IPHONE_10FT | BJ9: IPHONE_FEATURES_10FT X 1 | BK9: US_IPHONE_FEATURES_10FT | BL9: 1 | BM9: 0 | BX9: SOFTGOODS_10FT X 1 | BY9: US_SOFTGOODS_10FT | BZ9: WATCH_10FT X 1 | CA9: US_WATCH_10FT | CD9: 1 | CE9: 1 | CG9: 0 | CH9: 0 | CI9: 0 | CJ9: 0 | CK9: 0 | CL9: 0 | CM9: 0 | CN9: 0 | CO9: 0 | CP9: 0 | CQ9: 0 | CR9: 0 | CS9: 0 | CT9: 0 | CU9: 0 | CV9: 0
A10: R007 | B10: MALL OF AMERICA | C10: BLOOMINGTON,MN | D10: US | E10: AMR | F10: US | 150' (2x75') | NSD 2.0 | R007 | Mall of America | G10: Avenues | H10: 1 | I10: 0 | J10: 0 | K10: N/A | W10: US_AIRPODS_10FT X 1 | X10: US_AIRPODS_10FT | Y10: AIRTAG_10FT X 1 | Z10: US_AIRTAG_10FT | AC10: APPLE_MUSIC_10FT X 1 | AD10: US_APPLE_MUSIC_10FT | AE10: TV_PLUS_10FT_FLEX_LP X 1 | AF10: US_TV_PLUS_10FT_FLEX_LP | AK10: ARCADE_10FT X 1 | AL10: US_ARCADE_10FT | AM10: CONNECTED_HOME_10FT X 1 | AN10: US_CONNECTED_HOME_10FT | AO10: ESSENTIALS_10FT_FLEXBAY X 1 | AP10: US_ESSENTIALS_10FT_FLEXBAY | AU10: FITNESS_PLUS_10FT X 1 | AV10: US_FITNESS_PLUS_10FT | AY10: US_GRAPHIC_PANEL_15FT X 2 | AZ10: US_GRAPHIC_PANEL_15FT+US_GRAPHIC_PANEL_15FT | BG10: 10FT (D.1) | BH10: US_IPHONE_10FT | BJ10: IPHONE_FEATURES_10FT X 1 | BK10: US_IPHONE_FEATURES_10FT | BL10: 1 | BM10: 0 | BX10: SOFTGOODS_10FT X 1 | BY10: US_SOFTGOODS_10FT | BZ10: WATCH_10FT X 1 | CA10: US_WATCH_10FT | CD10: 1 | CE10: 1 | CG10: 0 | CH10: 0 | CI10: 0 | CJ10: 0 | CK10: 0 | CL10: 0 | CM10: 0 | CN10: 0 | CO10: 0 | CP10: 0 | CQ10: 0 | CR10: 0 | CS10: 0 | CT10: 0 | CU10: 0 | CV10: 0
A11: R009 | B11: EASTON TOWN CENTER | C11: COLUMBUS,OH | D11: US | E11: AMR | F11: US | 2.18W (6.6W) | G11: Vintage | H11: 0 | I11: 0 | J11: 0 | K11: 1,2,3,4,5,6 | L11: X | M11: X | N11: X | O11: X | P11: X | Q11: X | AA11: AEA_FB3_2W_MF X 1 | AB11: R_US_AEA_FB3_2W | AO11: ESSENTIALS_4W_FB5_2W X 1 | AP11: R_US_ESSENTIALS_4W_FB5_2W | AS11: FB4 X 1 | AT11: R_US_FB4 | BG11: 6W | BH11: R_US_IPHONE_4W_FB2_2W | BT11: MUSIC_2W_FB1_2W X 1 | BU11: R_US_MUSIC_2W_FB1_2W | BX11: SOFTGOODS_2W_FB6_2W X 1 | BY11: R_US_SOFTGOODS_2W_FB6_2W | BZ11: R_US_WATCH_2W X 1 | CA11: R_US_WATCH_2W | CG11: 0 | CH11: 0 | CI11: 0 | CJ11: 0 | CK11: 0 | CL11: 0 | CM11: 0 | CN11: 0 | CO11: 0 | CP11: 0 | CQ11: 0 | CR11: 0 | CS11: 0 | CT11: 0 | CU11: 0 | CV11: 0
A12: R010 | B12: TYSON'S CORNER | C12: MC LEAN,VA | D12: US | E12: AMR | F12: US | 70' | 30' ER | Vin E | R010 | Tysons Corner | G12: Avenues | H12: 1 | I12: 0 | J12: 0 | W12: US_E_AIRPODS_10FT X 1 | X12: US_E_AIRPODS_10FT | AC12: US_E_APPLE_MUSIC_10FT X 1 | AD12: US_E_APPLE_MUSIC_10FT | AE12: US_E_TV_PLUS_FLEX_10FT X 1 | AF12: US_E_TV_PLUS_FLEX_10FT | AI12: US_PICKUP_COUNTER_D.2 X 1 | AJ12: US_PICKUP_COUNTER_D.2 | AY12: US_GRAPHIC_PANEL_10FT X 1 | AZ12: US_GRAPHIC_PANEL_10FT | BE12: US_E_IPAD_ACC_10FT X 1 | BF12: US_E_IPAD_ACC_10FT | BG12: 10FT (Vin E) | BH12: US_E_IPHONE_10FT | BI12: 1 | BN12: US_E_IPHONE_MAC_ACC_10FT X 1 | BO12: US_E_IPHONE_MAC_ACC_10FT | BZ12: US_E_WATCH_10FT_LEFT X 1+US_E_WATCH_10FT_RIGHT X 1+US_E_WATCH_STUDIO_10FT X 1 | CA12: US_E_WATCH_10FT_LEFT+US_E_WATCH_10FT_RIGHT+US_E_WATCH_STUDIO_10FT | CD12: 1 | CE12: 1 | CG12: 0 | CH12: 0 | CI12: 0 | CJ12: 0 | CK12: 0 | CL12: 0 | CM12: 0 | CN12: 0 | CO12: 0 | CP12: 0 | CQ12: 0 | CR12: 0 | CS12: 0 | CT12: 0 | CU12: 0 | CV12: 0
A13: R011 | B13: MARKETSTREET | C13: LYNNFIELD,MA | D13: US | E13: AMR | F13: US | 65' | NSD 2.0 | R011 | Market Street | G13: Avenues | H13: 1 | I13: 0 | J13: 0 | K13: N/A | W13: US_AIRPODS_10FT X 1 | X13: US_AIRPODS_10FT | AC13: APPLE_MUSIC_5FT X 1 | AD13: US_APPLE_MUSIC_5FT | AE13: TV_PLUS_5FT_FLEX_LP X 1 | AF13: US_TV_PLUS_5FT_FLEX_LP | AM13: CONNECTED_HOME_5FT X 1 | AN13: US_CONNECTED_HOME_5FT | AO13: ESSENTIALS_10FT X 1 | AP13: US_ESSENTIALS_10FT | BG13: 10FT (D.1) | BH13: US_IPHONE_10FT | BJ13: IPHONE_FEATURES_10FT X 1 | BK13: US_IPHONE_FEATURES_10FT | BL13: 1 | BM13: 0 | BX13: US_SOFTGOODS_AIRTAG_5FT X 1 | BY13: US_SOFTGOODS_AIRTAG_5FT | BZ13: WATCH_5FT X 1 | CA13: US_WATCH_5FT | CD13: 1 | CE13: 1 | CG13: 0 | CH13: 0 | CI13: 0 | CJ13: 0 | CK13: 0 | CL13: 0 | CM13: 0 | CN13: 0 | CO13: 0 | CP13: 0 | CQ13: 0 | CR13: 0 | CS13: 0 | CT13: 0 | CU13: 0 | CV13: 0
A14: R012 | B14: THE FALLS | C14: MIAMI,FL | D14: US | E14: AMR | F14: US | 2.12W (4.6W) | THE FALLS | G14: Vintage | H14: 0 | I14: 0 | J14: 0 | K14: 1,2,3,4 | L14: X | M14: X | N14: X | O14: X | AA14: AEA_FB3_2W X 1 | AB14: R_US_AEA_FB3_2W | AO14: ESSENTIALS_4W X 1 | AP14: R_US_ESSENTIALS_4W | AQ14: EXPRESS_PICKUP X 1 | AR14: US_EXPRESS_PICKUP | AS14: FB4 X 1 | AT14: R_US_FB4 | BG14: 4W | BH14: R_US_IPHONE_2W_FB2_2W | BT14: MUSIC_2W_FB1 X 1 | BU14: R_US_MUSIC_2W_FB1 | BX14: R_US_IPAD_2W X 1+R_US_MAC_1W X 1 | BY14: R_US_IPAD_2W+R_US_MAC_1W | BZ14: WATCH_1W X 1 | CA14: R_US_WATCH_1W | CG14: 0 | CH14: 0 | CI14: 0 | CJ14: 0 | CK14: 0 | CL14: 0 | CM14: 0 | CN14: 0 | CO14: 0 | CP14: 0 | CQ14: 0 | CR14: 0 | CS14: 0 | CT14: 0 | CU14: 0 | CV14: 0
A15: R013 | B15: TICE'S CORNER | C15: WOODCLIFF LAKE,NJ | D15: US | E15: AMR | F15: US | 120’ (2x60) | NSD 2.0 | R013 | Tice's Corner | G15: Avenues | H15: 2 | I15: 0 | J15: 0 | W15: US_AIRPODS_10FT X 1 | X15: US_AIRPODS_10FT | Y15: AIRTAG_5FT X 1 | Z15: US_AIRTAG_5FT | AC15: APPLE_MUSIC_10FT X 1 | AD15: US_APPLE_MUSIC_10FT | AE15: TV_PLUS_10FT_FLEX X 1 | AF15: US_TV_PLUS_10FT_FLEX | AI15: US_PICKUP_COUNTER_D.2 X 1 | AJ15: US_PICKUP_COUNTER_D.2 | AK15: ARCADE_5FT X 1 | AL15: US_ARCADE_5FT | AM15: CONNECTED_HOME_5FT X 1 | AN15: US_CONNECTED_HOME_5FT | AO15: ESSENTIALS_10FT_FLEXBAY X 1 | AP15: US_ESSENTIALS_10FT_FLEXBAY | AU15: FITNESS_PLUS_5FT X 1 | AV15: US_FITNESS_PLUS_5FT | AY15: US_GRAPHIC_PANEL_10FT X 2 | AZ15: US_GRAPHIC_PANEL_10FT+US_GRAPHIC_PANEL_10FT | BG15: 10FT (D.2) | BH15: US_IPHONE_10FT_FLEX | BI15: 1 | BJ15: IPHONE_FEATURES_10FT X 1 | BK15: US_IPHONE_FEATURES_10FT | BL15: 1 | BM15: 0 | BX15: SOFTGOODS_10FT X 1 | BY15: US_SOFTGOODS_10FT | BZ15: US_WATCH_EXTENDED_10FT X 1 | CA15: US_WATCH_EXTENDED_10FT | CD15: 1 | CE15: 1 | CG15: 0 | CH15: 0 | CI15: 0 | CJ15: 0 | CK15: 0 | CL15: 0 | CM15: 0 | CN15: 0 | CO15: 0 | CP15: 0 | CQ15: 0 | CR15: 0 | CS15: 0 | CT15: 0 | CU15: 0 | CV15: 0
A16: R014 | B16: BROADWAY PLAZA | C16: WALNUT CREEK,CA | D16: US | E16: AMR | F16: US | 100' | 2x40 1x20 | NSD 2.0 | R014 | Broadway Plaza | G16: Avenues | H16: 1 | I16: 0 | J16: 0 | K16: N/A | W16: US_AIRPODS_10FT X 1 | X16: US_AIRPODS_10FT | Y16: AIRTAG_5FT X 1 | Z16: US_AIRTAG_5FT | AC16: US_APPLE_MUSIC_HPM_10FT X 1 | AD16: US_APPLE_MUSIC_HPM_10FT | AE16: TV_PLUS_5FT_FLEX X 1 | AF16: US_TV_PLUS_5FT_FLEX | AK16: ARCADE_10FT X 1 | AL16: US_ARCADE_10FT | AM16: CONNECTED_HOME_5FT X 1 | AN16: US_CONNECTED_HOME_5FT | AO16: ESSENTIALS_10FT_FLEXBAY X 1 | AP16: US_ESSENTIALS_10FT_FLEXBAY | AU16: FITNESS_PLUS_5FT X 1 | AV16: US_FITNESS_PLUS_5FT | AY16: US_GRAPHIC_PANEL_10FT X 1 | AZ16: US_GRAPHIC_PANEL_10FT | BG16: 10FT (D.1) | BH16: US_IPHONE_10FT | BJ16: IPHONE_FEATURES_10FT X 1 | BK16: US_IPHONE_FEATURES_10FT | BL16: 1 | BM16: 0 | BX16: SOFTGOODS_5FT X 1 | BY16: US_SOFTGOODS_5FT | BZ16: WATCH_5FT X 1 | CA16: US_WATCH_5FT | CD16: 1 | CE16: 1 | CG16: 0 | CH16: 0 | CI16: 0 | CJ16: 0 | CK16: 0 | CL16: 0 | CM16: 0 | CN16: 0 | CO16: 0 | CP16: 0 | CQ16: 0 | CR16: 0 | CS16: 0 | CT16: 0 | CU16: 0 | CV16: 0
A17: R015 | B17: FASHION ISLAND | C17: NEWPORT BEACH,CA | D17: US | E17: AMR | F17: US | 2.18W (6.6W) | G17: Vintage | H17: 0 | I17: 0 | J17: 0 | K17: 1,2,3,4,5,6 | L17: X | M17: X | N17: X | O17: X | P17: X | Q17: X | AA17: AEA_FB3_2W_MF X 1 | AB17: R_US_AEA_FB3_2W | AO17: ESSENTIALS_4W_FB5_2W X 1 | AP17: R_US_ESSENTIALS_4W_FB5_2W | AS17: FB4 X 1 | AT17: R_US_FB4 | BG17: 6W | BH17: R_US_IPHONE_4W_FB2_2W | BT17: MUSIC_2W_FB1_2W X 1 | BU17: R_US_MUSIC_2W_FB1_2W | BX17: SOFTGOODS_2W_FB6_2W X 1 | BY17: R_US_SOFTGOODS_2W_FB6_2W | BZ17: R_US_WATCH_2W X 1 | CA17: R_US_WATCH_2W | CG17: 0 | CH17: 0 | CI17: 0 | CJ17: 0 | CK17: 0 | CL17: 0 | CM17: 0 | CN17: 0 | CO17: 0 | CP17: 0 | CQ17: 0 | CR17: 0 | CS17: 0 | CT17: 0 | CU17: 0 | CV17: 0
A18: R016 | B18: WALDEN GALLERIA | C18: BUFFALO,NY | D18: US | E18: AMR | F18: US | 90’ (1x55 1x35) | NSD 1.0 | R016 | Walden Galleria | G18: Avenues | H18: 0 | I18: 0 | J18: 0 | K18: N/A | W18: US_AIRPODS_10FT X 1 | X18: US_AIRPODS_10FT | AA18: AEA_5FT_A1 X 1 | AB18: US_AEA_5FT_A1 | AC18: US_APPLE_MUSIC_HPM_5FT X 1 | AD18: US_APPLE_MUSIC_HPM_5FT | AE18: TV_PLUS_5FT_FLEX_LP X 1 | AF18: US_TV_PLUS_5FT_FLEX_LP | AO18: ESSENTIALS_10FT X 1 | AP18: US_ESSENTIALS_10FT | AY18: US_GRAPHIC_PANEL_10FT X 1+US_GRAPHIC_PANEL_15FT X 1 | AZ18: US_GRAPHIC_PANEL_10FT+US_GRAPHIC_PANEL_15FT | BG18: 15FT (D.1) | BH18: US_IPHONE_15FT | BX18: US_SOFTGOODS_AIRTAG_10FT X 1 | BY18: US_SOFTGOODS_AIRTAG_10FT | BZ18: US_WATCH_EXTENDED_5FT X 1 | CA18: US_WATCH_EXTENDED_5FT | CD18: 1 | CE18: 1 | CG18: 0 | CH18: 0 | CI18: 0 | CJ18: 0 | CK18: 0 | CL18: 0 | CM18: 0 | CN18: 0 | CO18: 0 | CP18: 0 | CQ18: 0 | CR18: 0 | CS18: 0 | CT18: 0 | CU18: 0 | CV18: 0
A19: R017 | B19: CROSSGATES | C19: ALBANY,NY | D19: US | E19: AMR | F19: US | 110’ (2x55) | NSD 1.0 | R017 | Crossgates | G19: Avenues | H19: 0 | I19: 0 | J19: 0 | K19: N/A | W19: US_AIRPODS_10FT X 1 | X19: US_AIRPODS_10FT | AA19: AEA_5FT X 1+US_ESSENTIALS_5FT_IPHONE X 1 | AB19: US_AEA_5FT+US_ESSENTIALS_5FT_IPHONE | AC19: US_APPLE_MUSIC_HPM_5FT X 1 | AD19: US_APPLE_MUSIC_HPM_5FT | AE19: TV_PLUS_5FT_FLEX_LP X 1 | AF19: US_TV_PLUS_5FT_FLEX_LP | AO19: ESSENTIALS_10FT X 1 | AP19: US_ESSENTIALS_10FT | AY19: US_GRAPHIC_PANEL_15FT X 2+US_GRAPHIC_PANEL_5FT X 2 | AZ19: US_GRAPHIC_PANEL_15FT+US_GRAPHIC_PANEL_15FT+US_GRAPHIC_PANEL_5FT+US_GRAPHIC_PANEL_5FT | BG19: 15FT (D.1) | BH19: US_IPHONE_15FT | BX19: US_SOFTGOODS_AIRTAG_10FT X 1 | BY19: US_SOFTGOODS_AIRTAG_10FT | BZ19: WATCH_5FT X 1 | CA19: US_WATCH_5FT | CD19: 1 | CE19: 1 | CG19: 0 | CH19: 0 | CI19: 0 | CJ19: 0 | CK19: 0 | CL19: 0 | CM19: 0 | CN19: 0 | CO19: 0 | CP19: 0 | CQ19: 0 | CR19: 0 | CS19: 0 | CT19: 0 | CU19: 0 | CV19: 0
A20: R018 | B20: WOODFIELD MALL | C20: SCHAUMBURG,IL | D20: US | E20: AMR | F20: US | 110' (2x55) | NSD 2.0 | R018 Woodfield Mall | G20: Avenues | H20: 1 | I20: 0 | J20: 0 | K20: N/A | W20: US_AIRPODS_10FT X 1 | X20: US_AIRPODS_10FT | Y20: AIRTAG_5FT X 1 | Z20: US_AIRTAG_5FT | AC20: APPLE_MUSIC_10FT X 1 | AD20: US_APPLE_MUSIC_10FT | AE20: TV_PLUS_5FT_FLEX_LP X 1 | AF20: US_TV_PLUS_5FT_FLEX_LP | AK20: ARCADE_10FT X 1 | AL20: US_ARCADE_10FT | AM20: CONNECTED_HOME_10FT X 1 | AN20: US_CONNECTED_HOME_10FT | AO20: ESSENTIALS_10FT X 1 | AP20: US_ESSENTIALS_10FT | AU20: FITNESS_PLUS_10FT X 1 | AV20: US_FITNESS_PLUS_10FT | BG20: 10FT (D.1) | BH20: US_IPHONE_10FT | BJ20: IPHONE_FEATURES_10FT X 1 | BK20: US_IPHONE_FEATURES_10FT | BL20: 1 | BM20: 0 | BX20: SOFTGOODS_10FT X 1 | BY20: US_SOFTGOODS_10FT | BZ20: WATCH_10FT X 1 | CA20: US_WATCH_10FT | CD20: 1 | CE20: 1 | CG20: 0 | CH20: 0 | CI20: 0 | CJ20: 0 | CK20: 0 | CL20: 0 | CM20: 0 | CN20: 0 | CO20: 0 | CP20: 0 | CQ20: 0 | CR20: 0 | CS20: 0 | CT20: 0 | CU20: 0 | CV20: 0
A21: R019 | B21: INT'L PLAZA | C21: TAMPA,FL | D21: US | E21: AMR | F21: US | 2.14 | R019 | International Plaza | G21: Vintage | H21: 0 | I21: 0 | J21: 0 | K21: 1,2,3,4 | L21: X | M21: X | N21: X | O21: X | AA21: AEA_FB3_2W X 1 | AB21: R_US_AEA_FB3_2W | AO21: ESSENTIALS_4W X 1 | AP21: R_US_ESSENTIALS_4W | AS21: FB4 X 1 | AT21: R_US_FB4 | BG21: 6W | BH21: R_US_IPHONE_4W_FB2_2W | BT21: MUSIC_2W_FB1_2W X 1 | BU21: R_US_MUSIC_2W_FB1_2W | BX21: R_US_IPAD_2W X 1+R_US_MAC_1W X 1 | BY21: R_US_IPAD_2W+R_US_MAC_1W | BZ21: R_US_WATCH_EXTENDED_1W X 1 | CA21: R_US_WATCH_EXTENDED_1W | CG21: 0 | CH21: 0 | CI21: 0 | CJ21: 0 | CK21: 0 | CL21: 0 | CM21: 0 | CN21: 0 | CO21: 0 | CP21: 0 | CQ21: 0 | CR21: 0 | CS21: 0 | CT21: 0 | CU21: 0 | CV21: 0
A22: R020 | B22: SADDLE CREEK | C22: GERMANTOWN,TN | D22: US | E22: AMR | F22: US | 100’ (2x50) | NSD 1.0 | Express | R020 | Saddle Creek | G22: Avenues | H22: 0 | I22: 0 | J22: 0 | K22: N/A | W22: US_AIRPODS_10FT X 1 | X22: US_AIRPODS_10FT | AA22: AEA_10FT_SPLIT X 1 | AB22: US_AEA_10FT_SPLIT | AC22: US_APPLE_MUSIC_HPM_5FT X 1 | AD22: US_APPLE_MUSIC_HPM_5FT | AE22: TV_PLUS_5FT_FLEX_LP X 1 | AF22: US_TV_PLUS_5FT_FLEX_LP | AO22: ESSENTIALS_10FT X 1 | AP22: US_ESSENTIALS_10FT | AQ22: EXPRESS_PICKUP X 1 | AR22: US_EXPRESS_PICKUP | AY22: US_GRAPHIC_PANEL_10FT X 1+US_GRAPHIC_PANEL_15FT X 1+US_GRAPHIC_PANEL_5FT X 2 | AZ22: US_GRAPHIC_PANEL_10FT+US_GRAPHIC_PANEL_15FT+US_GRAPHIC_PANEL_5FT+US_GRAPHIC_PANEL_5FT | BG22: 10FT (D.1) | BH22: US_IPHONE_10FT | BX22: US_SOFTGOODS_AIRTAG_10FT X 1 | BY22: US_SOFTGOODS_AIRTAG_10FT | BZ22: WATCH_5FT X 1 | CA22: US_WATCH_5FT | CD22: 1 | CE22: 1 | CG22: 0 | CH22: 0 | CI22: 0 | CJ22: 0 | CK22: 0 | CL22: 0 | CM22: 0 | CN22: 0 | CO22: 0 | CP22: 0 | CQ22: 0 | CR22: 0 | CS22: 0 | CT22: 0 | CU22: 0 | CV22: 0
A23: R021 | B23: CAMBRIDGESIDE | C23: CAMBRIDGE,MA | D23: US | E23: AMR | F23: US | 110' (2x55) | NSD 2.0 | R021 Cambridgeside | G23: Avenues | H23: 1 | I23: 0 | J23: 0 | K23: N/A | W23: US_AIRPODS_10FT X 1 | X23: US_AIRPODS_10FT | Y23: AIRTAG_5FT X 1 | Z23: US_AIRTAG_5FT | AC23: APPLE_MUSIC_10FT X 1 | AD23: US_APPLE_MUSIC_10FT | AE23: TV_PLUS_5FT_FLEX_LP X 1 | AF23: US_TV_PLUS_5FT_FLEX_LP | AK23: ARCADE_10FT X 1 | AL23: US_ARCADE_10FT | AM23: CONNECTED_HOME_10FT X 1 | AN23: US_CONNECTED_HOME_10FT | AO23: ESSENTIALS_10FT X 1 | AP23: US_ESSENTIALS_10FT | AU23: FITNESS_PLUS_10FT X 1 | AV23: US_FITNESS_PLUS_10FT | BG23: 10FT (D.1) | BH23: US_IPHONE_10FT | BJ23: IPHONE_FEATURES_10FT X 1 | BK23: US_IPHONE_FEATURES_10FT | BL23: 1 | BM23: 0 | BX23: SOFTGOODS_10FT X 1 | BY23: US_SOFTGOODS_10FT | BZ23: WATCH_10FT X 1 | CA23: US_WATCH_10FT | CD23: 1 | CE23: 1 | CG23: 0 | CH23: 0 | CI23: 0 | CJ23: 0 | CK23: 0 | CL23: 0 | CM23: 0 | CN23: 0 | CO23: 0 | CP23: 0 | CQ23: 0 | CR23: 0 | CS23: 0 | CT23: 0 | CU23: 0 | CV23: 0
A24: R022 | B24: ROSEDALE CENTER | C24: ROSEVILLE,MN | D24: US | E24: AMR | F24: US | 2.16W | 2.LT | ASA UPDATE | G24: Vintage | H24: 0 | I24: 0 | J24: 0 | K24: 1,2,3,4,5,6 | L24: X | M24: X | N24: X | O24: X | P24: X | Q24: X | AA24: AEA_FB3_2W X 1 | AB24: R_US_AEA_FB3_2W | AO24: ESSENTIALS_2W_FB5_2W X 1 | AP24: R_US_ESSENTIALS_2W_FB5_2W | AS24: FB4 X 1 | AT24: R_US_FB4 | BG24: 6W | BH24: R_US_IPHONE_2W_FB6_2W_FB2_2W | BT24: MUSIC_2W_FB1_2W X 1 | BU24: R_US_MUSIC_2W_FB1_2W | BX24: R_US_IPAD_2W X 1+R_US_MAC_1W X 1 | BY24: R_US_IPAD_2W+R_US_MAC_1W | BZ24: WATCH_1W X 1 | CA24: R_US_WATCH_1W | CG24: 0 | CH24: 0 | CI24: 0 | CJ24: 0 | CK24: 0 | CL24: 0 | CM24: 0 | CN24: 0 | CO24: 0 | CP24: 0 | CQ24: 0 | CR24: 0 | CS24: 0 | CT24: 0 | CU24: 0 | CV24: 0
A25: R023 | B25: NORTHRIDGE | C25: NORTHRIDGE,CA | D25: US | E25: AMR | F25: US | 2.12W | G25: Vintage | H25: 0 | I25: 0 | J25: 0 | K25: 1,2,3,4 | L25: X | M25: X | N25: X | O25: X | AA25: AEA_FB3_2W X 1 | AB25: R_US_AEA_FB3_2W | AO25: ESSENTIALS_4W X 1 | AP25: R_US_ESSENTIALS_4W | AS25: FB4 X 1 | AT25: R_US_FB4 | BG25: 4W | BH25: R_US_IPHONE_2W_FB2_2W | BT25: MUSIC_2W_FB1 X 1 | BU25: R_US_MUSIC_2W_FB1 | BX25: R_US_IPAD_2W X 1+R_US_MAC_1W X 1 | BY25: R_US_IPAD_2W+R_US_MAC_1W | BZ25: WATCH_1W X 1 | CA25: R_US_WATCH_1W | CG25: 0 | CH25: 0 | CI25: 0 | CJ25: 0 | CK25: 0 | CL25: 0 | CM25: 0 | CN25: 0 | CO25: 0 | CP25: 0 | CQ25: 0 | CR25: 0 | CS25: 0 | CT25: 0 | CU25: 0 | CV25: 0
A26: R024 | B26: WELLINGTON GREEN | C26: WELLINGTON,FL | D26: US | E26: AMR | F26: US | 2.12W | G26: Vintage | H26: 0 | I26: 0 | J26: 0 | K26: 1,2,3,4 | L26: X | M26: X | N26: X | O26: X | AA26: AEA_FB3_2W X 1 | AB26: R_US_AEA_FB3_2W | AO26: ESSENTIALS_4W X 1 | AP26: R_US_ESSENTIALS_4W | AS26: FB4 X 1 | AT26: R_US_FB4 | BG26: 4W | BH26: R_US_IPHONE_2W_FB2_2W | BT26: MUSIC_2W_FB1 X 1 | BU26: R_US_MUSIC_2W_FB1 | BX26: R_US_IPAD_2W X 1+R_US_MAC_1W X 1 | BY26: R_US_IPAD_2W+R_US_MAC_1W | BZ26: WATCH_1W X 1 | CA26: R_US_WATCH_1W | CG26: 0 | CH26: 0 | CI26: 0 | CJ26: 0 | CK26: 0 | CL26: 0 | CM26: 0 | CN26: 0 | CO26: 0 | CP26: 0 | CQ26: 0 | CR26: 0 | CS26: 0 | CT26: 0 | CU26: 0 | CV26: 0
A27: R025 | B27: WESTFARMS | C27: FARMINGTON,CT | D27: US | E27: AMR | F27: US | 2.14W V1 | G27: Vintage | H27: 0 | I27: 0 | J27: 0 | K27: 1,2,3,4 | L27: X | M27: X | N27: X | O27: X | AA27: AEA_FB3_2W X 1 | AB27: R_US_AEA_FB3_2W | AO27: ESSENTIALS_4W X 1 | AP27: R_US_ESSENTIALS_4W | AS27: FB4 X 1 | AT27: R_US_FB4 | BG27: 6W | BH27: R_US_IPHONE_4W_FB2_2W | BT27: MUSIC_2W_FB1_2W X 1 | BU27: R_US_MUSIC_2W_FB1_2W | BX27: R_US_IPAD_2W X 1+R_US_MAC_1W X 1 | BY27: R_US_IPAD_2W+R_US_MAC_1W | BZ27: WATCH_1W X 1 | CA27: R_US_WATCH_1W | CG27: 0 | CH27: 0 | CI27: 0 | CJ27: 0 | CK27: 0 | CL27: 0 | CM27: 0 | CN27: 0 | CO27: 0 | CP27: 0 | CQ27: 0 | CR27: 0 | CS27: 0 | CT27: 0 | CU27: 0 | CV27: 0
A28: R026 | B28: CHANDLER FASHION CENTER | C28: CHANDLER,AZ | D28: US | E28: AMR | F28: US | 150’ (2x75) | NSD 2.0 | R026 | Chandler Fashion Center | G28: Avenues | H28: 1 | I28: 0 | J28: 0 | K28: N/A | W28: US_AIRPODS_10FT X 1 | X28: US_AIRPODS_10FT | Y28: AIRTAG_10FT X 1 | Z28: US_AIRTAG_10FT | AC28: APPLE_MUSIC_10FT X 1 | AD28: US_APPLE_MUSIC_10FT | AE28: TV_PLUS_10FT_FLEX_LP X 1 | AF28: US_TV_PLUS_10FT_FLEX_LP | AK28: ARCADE_10FT X 1 | AL28: US_ARCADE_10FT | AM28: CONNECTED_HOME_10FT X 1 | AN28: US_CONNECTED_HOME_10FT | AO28: ESSENTIALS_10FT X 1 | AP28: US_ESSENTIALS_10FT | AU28: FITNESS_PLUS_10FT X 1 | AV28: US_FITNESS_PLUS_10FT | AY28: US_GRAPHIC_PANEL_15FT X 2 | AZ28: US_GRAPHIC_PANEL_15FT+US_GRAPHIC_PANEL_15FT | BG28: 10FT (D.1) | BH28: US_IPHONE_10FT | BJ28: IPHONE_FEATURES_10FT X 1 | BK28: US_IPHONE_FEATURES_10FT | BL28: 1 | BM28: 0 | BX28: SOFTGOODS_10FT X 1 | BY28: US_SOFTGOODS_10FT | BZ28: WATCH_10FT X 1 | CA28: US_WATCH_10FT | CD28: 1 | CE28: 1 | CG28: 0 | CH28: 0 | CI28: 0 | CJ28: 0 | CK28: 0 | CL28: 0 | CM28: 0 | CN28: 0 | CO28: 0 | CP28: 0 | CQ28: 0 | CR28: 0 | CS28: 0 | CT28: 0 | CU28: 0 | CV28: 0
A29: R027 | B29: ROCKINGHAM PARK | C29: SALEM,NH | D29: US | E29: AMR | F29: US | 2.18W | 2.LT | G29: Vintage | H29: 0 | I29: 0 | J29: 0 | K29: 1,2,3,4,5,6 | L29: X | M29: X | N29: X | O29: X | P29: X | Q29: X | AA29: AEA_FB3_2W_MF X 1 | AB29: R_US_AEA_FB3_2W | AO29: ESSENTIALS_4W_FB5_2W X 1 | AP29: R_US_ESSENTIALS_4W_FB5_2W | AS29: FB4 X 1 | AT29: R_US_FB4 | BG29: 6W | BH29: R_US_IPHONE_4W_FB2_2W | BT29: MUSIC_2W_FB1_2W X 1 | BU29: R_US_MUSIC_2W_FB1_2W | BX29: SOFTGOODS_2W_FB6_2W X 1 | BY29: R_US_SOFTGOODS_2W_FB6_2W | BZ29: R_US_WATCH_2W X 1 | CA29: R_US_WATCH_2W | CG29: 0 | CH29: 0 | CI29: 0 | CJ29: 0 | CK29: 0 | CL29: 0 | CM29: 0 | CN29: 0 | CO29: 0 | CP29: 0 | CQ29: 0 | CR29: 0 | CS29: 0 | CT29: 0 | CU29: 0 | CV29: 0
A30: R028 | B30: KENWOOD TOWNE CENTRE | C30: CINCINNATI,OH | D30: US | E30: AMR | F30: US | 1.10W | 1.16W (1.10W 1.6W) | 2.LF | R028 | Kenwood | G30: Vintage | H30: 0 | I30: 0 | J30: 0 | K30: 1,2,3,4 | L30: X | M30: X | N30: X | O30: X | S30: ACCY_FIX_LF_2 X 1+R_US_ACCY_FIX_LF_1_ALO X 1 | T30: R_US_ACCY_FIX_LF_2+R_US_ACCY_FIX_LF_1_ALO | AA30: AEA_FB3_2W X 1 | AB30: R_US_AEA_FB3_2W | AO30: ESSENTIALS_4W X 1 | AP30: R_US_ESSENTIALS_4W | AS30: FB4 X 1 | AT30: R_US_FB4 | BG30: 4W | BH30: R_US_IPHONE_2W_FB2_2W | BT30: MUSIC_2W_FB1_2W X 1 | BU30: R_US_MUSIC_2W_FB1_2W | BX30: R_US_IPAD_2W X 1+R_US_MAC_1W X 1 | BY30: R_US_IPAD_2W+R_US_MAC_1W | BZ30: WATCH_1W X 1 | CA30: R_US_WATCH_1W | CG30: 0 | CH30: 0 | CI30: 0 | CJ30: 0 | CK30: 0 | CL30: 0 | CM30: 0 | CN30: 0 | CO30: 0 | CP30: 0 | CQ30: 0 | CR30: 0 | CS30: 0 | CT30: 0 | CU30: 0 | CV30: 0
A31: R029 | B31: BURLINGAME | C31: BURLINGAME,CA | D31: US | E31: AMR | F31: US | 95' (1x65 1X30) NSD 1.0 | R029 | Burlingame | G31: Avenues | H31: 1 | I31: 0 | J31: 0 | K31: N/A | W31: US_AIRPODS_10FT X 1 | X31: US_AIRPODS_10FT | AC31: APPLE_MUSIC_10FT X 1 | AD31: US_APPLE_MUSIC_10FT | AE31: TV_PLUS_5FT_FLEX_LP X 1 | AF31: US_TV_PLUS_5FT_FLEX_LP | AK31: ARCADE_10FT X 1 | AL31: US_ARCADE_10FT | AM31: CONNECTED_HOME_5FT X 1 | AN31: US_CONNECTED_HOME_5FT | AO31: ESSENTIALS_10FT X 1 | AP31: US_ESSENTIALS_10FT | AU31: FITNESS_PLUS_5FT X 1 | AV31: US_FITNESS_PLUS_5FT | BG31: 10FT (D.1) | BH31: US_IPHONE_10FT | BJ31: IPHONE_FEATURES_10FT X 1 | BK31: US_IPHONE_FEATURES_10FT | BL31: 1 | BM31: 0 | BX31: US_SOFTGOODS_AIRTAG_10FT X 1 | BY31: US_SOFTGOODS_AIRTAG_10FT | BZ31: WATCH_10FT X 1 | CA31: US_WATCH_10FT | CD31: 1 | CE31: 1 | CG31: 0 | CH31: 0 | CI31: 0 | CJ31: 0 | CK31: 0 | CL31: 0 | CM31: 0 | CN31: 0 | CO31: 0 | CP31: 0 | CQ31: 0 | CR31: 0 | CS31: 0 | CT31: 0 | CU31: 0 | CV31: 0
A32: R030 | B32: ASPEN GROVE | C32: LITTLETON,CO | D32: US | E32: AMR | F32: US | 2.16W | ASPEN GROVE | G32: Vintage | H32: 0 | I32: 0 | J32: 0 | K32: 1,2,3,4,5,6 | L32: X | M32: X | N32: X | O32: X | P32: X | Q32: X | AA32: AEA_FB3_2W X 1 | AB32: R_US_AEA_FB3_2W | AO32: ESSENTIALS_2W_FB5_2W X 1 | AP32: R_US_ESSENTIALS_2W_FB5_2W | AS32: FB4 X 1 | AT32: R_US_FB4 | BG32: 6W | BH32: R_US_IPHONE_2W_FB6_2W_FB2_2W | BT32: MUSIC_2W_FB1_2W X 1 | BU32: R_US_MUSIC_2W_FB1_2W | BX32: R_US_IPAD_2W X 1+R_US_MAC_1W X 1 | BY32: R_US_IPAD_2W+R_US_MAC_1W | BZ32: WATCH_1W X 1 | CA32: R_US_WATCH_1W | CG32: 0 | CH32: 0 | CI32: 0 | CJ32: 0 | CK32: 0 | CL32: 0 | CM32: 0 | CN32: 0 | CO32: 0 | CP32: 0 | CQ32: 0 | CR32: 0 | CS32: 0 | CT32: 0 | CU32: 0 | CV32: 0
A33: R031 | B33: SCOTTSDALE FASHION SQUARE | C33: SCOTTSDALE,AZ | D33: US | E33: AMR | F33: US | 100’ (2x30 1x40) | NSD 2.0 | R031 | Scottsdale | G33: Avenues | H33: 1 | I33: 0 | J33: 0 | K33: N/A | W33: US_AIRPODS_10FT X 1 | X33: US_AIRPODS_10FT | Y33: AIRTAG_5FT X 1 | Z33: US_AIRTAG_5FT | AC33: APPLE_MUSIC_10FT X 1 | AD33: US_APPLE_MUSIC_10FT | AE33: TV_PLUS_5FT_FLEX X 1 | AF33: US_TV_PLUS_5FT_FLEX | AK33: ARCADE_10FT X 1 | AL33: US_ARCADE_10FT | AM33: CONNECTED_HOME_5FT X 1 | AN33: US_CONNECTED_HOME_5FT | AO33: ESSENTIALS_10FT_FLEXBAY X 1 | AP33: US_ESSENTIALS_10FT_FLEXBAY | AU33: FITNESS_PLUS_10FT X 1 | AV33: US_FITNESS_PLUS_10FT | BG33: 10FT (D.1) | BH33: US_IPHONE_10FT | BJ33: IPHONE_FEATURES_10FT X 1 | BK33: US_IPHONE_FEATURES_10FT | BL33: 1 | BM33: 0 | BX33: SOFTGOODS_5FT X 1 | BY33: US_SOFTGOODS_5FT | BZ33: WATCH_10FT X 1 | CA33: US_WATCH_10FT | CD33: 1 | CE33: 1 | CG33: 0 | CH33: 0 | CI33: 0 | CJ33: 0 | CK33: 0 | CL33: 0 | CM33: 0 | CN33: 0 | CO33: 0 | CP33: 0 | CQ33: 0 | CR33: 0 | CS33: 0 | CT33: 0 | CU33: 0 | CV33: 0
A34: R032 | B34: SOHO | C34: NEW YORK,NY | D34: US | E34: AMR | F34: US | 2.10W 1.18W | 3.LT | R032 | SoHo | G34: Vintage | H34: 0 | I34: 0 | J34: 0 | K34: 1,2,3,4,5,6,7 | L34: X | M34: X | N34: X | O34: X | P34: X | Q34: X | S34: R_US_CREDENZA_SOHO X 1 | T34: R_US_CREDENZA_SOHO | AA34: AEA_FB3_2W_MF X 1 | AB34: R_US_AEA_FB3_2W | AO34: ESSENTIALS_2W X 1+ESSENTIALS_4W X 1 | AP34: R_US_ESSENTIALS_2W+R_US_ESSENTIALS_4W | AS34: FB4 X 1+R_US_FB5 X 1+R_US_FB6 X 1 | AT34: R_US_FB4+R_US_FB5+R_US_FB6 | BG34: 8W | BH34: R_US_IPHONE_2W_FB2_2W_LNY+R_US_IPHONE_2W_FB7_2W | BT34: MUSIC_2W X 1+R_US_MUSIC_2W_FB1_BK X 1 | BU34: R_US_MUSIC_2W+R_US_MUSIC_2W_FB1_BK | BX34: SOFTGOODS_1W X 1+SOFTGOODS_2W X 1 | BY34: R_US_SOFTGOODS_1W+R_US_SOFTGOODS_2W | BZ34: R_US_WATCH_EXTENDED_1W X 1 | CA34: R_US_WATCH_EXTENDED_1W | CG34: 0 | CH34: 0 | CI34: 0 | CJ34: 0 | CK34: 0 | CL34: 0 | CM34: 0 | CN34: 0 | CO34: 0 | CP34: 0 | CQ34: 0 | CR34: 0 | CS34: 0 | CT34: 0 | CU34: 0 | CV34: 0
A35: R033 | B35: STONESTOWN | C35: SAN FRANCISCO,CA | D35: US | E35: AMR | F35: US | 2.16W | 2.LT | G35: Vintage | H35: 0 | I35: 0 | J35: 0 | K35: 1,2,3,4,5,6 | L35: X | M35: X | N35: X | O35: X | P35: X | Q35: X | AA35: AEA_FB3_2W X 1 | AB35: R_US_AEA_FB3_2W | AO35: ESSENTIALS_2W_FB5_2W X 1 | AP35: R_US_ESSENTIALS_2W_FB5_2W | AS35: FB4 X 1 | AT35: R_US_FB4 | BG35: 6W | BH35: R_US_IPHONE_2W_FB6_2W_FB2_2W | BT35: MUSIC_2W_FB1_2W X 1 | BU35: R_US_MUSIC_2W_FB1_2W | BX35: R_US_IPAD_2W X 1+R_US_MAC_1W X 1 | BY35: R_US_IPAD_2W+R_US_MAC_1W | BZ35: WATCH_1W X 1 | CA35: R_US_WATCH_1W | CG35: 0 | CH35: 0 | CI35: 0 | CJ35: 0 | CK35: 0 | CL35: 0 | CM35: 0 | CN35: 0 | CO35: 0 | CP35: 0 | CQ35: 0 | CR35: 0 | CS35: 0 | CT35: 0 | CU35: 0 | CV35: 0
A36: R034 | B36: PASADENA | C36: PASADENA,CA | D36: US | E36: AMR | F36: US | 2.18W (6.6W) | R034 Pasadena | G36: Vintage | H36: 0 | I36: 0 | J36: 0 | K36: 1,2,3,4,5,6 | L36: X | M36: X | N36: X | O36: X | P36: X | Q36: X | Y36: R_US_AIRTAG_2W X 1 | Z36: R_US_AIRTAG_2W | AS36: FB4 X 1+R_US_FB3 X 1+R_US_FB5 X 1+R_US_FB6 X 1 | AT36: R_US_FB4+R_US_FB3+R_US_FB5+R_US_FB6 | BA36: R_US_HOME_2W X 1 | BB36: R_US_HOME_2W | BE36: R_US_IPAD_HERO_4W X 1 | BF36: R_US_IPAD_HERO_4W | BG36: 6W | BH36: R_US_IPHONE_4W_FB2_2W | BN36: R_US_IPHONE_HERO_2W X 1 | BO36: R_US_IPHONE_HERO_2W | BR36: R_US_MAC_HERO_2W X 1 | BS36: R_US_MAC_HERO_2W | BT36: MUSIC_2W_FB1_2W X 1 | BU36: R_US_MUSIC_2W_FB1_2W | CB36: R_US_WATCH_HERO_2W X 1 | CC36: R_US_WATCH_HERO_2W | CG36: 0 | CH36: 0 | CI36: 0 | CJ36: 0 | CK36: 0 | CL36: 0 | CM36: 0 | CN36: 0 | CO36: 0 | CP36: 0 | CQ36: 0 | CR36: 0 | CS36: 0 | CT36: 0 | CU36: 0 | CV36: 0
A37: R035 | B37: MICHIGAN AVENUE | C37: CHICAGO,IL | D37: US | E37: AMR | F37: US | 105' (2x25 1x55) | NSD 2.0 | R035 | Michigan Ave | G37: Avenues | H37: 1 | I37: 0 | J37: 0 | K37: N/A | W37: US_AIRPODS_10FT X 1 | X37: US_AIRPODS_10FT | Y37: AIRTAG_5FT X 1 | Z37: US_AIRTAG_5FT | AC37: APPLE_MUSIC_10FT X 1 | AD37: US_APPLE_MUSIC_10FT | AE37: TV_PLUS_5FT_FLEX_LP X 1 | AF37: US_TV_PLUS_5FT_FLEX_LP | AK37: ARCADE_10FT X 1 | AL37: US_ARCADE_10FT | AM37: CONNECTED_HOME_10FT X 1 | AN37: US_CONNECTED_HOME_10FT | AO37: ESSENTIALS_10FT X 1 | AP37: US_ESSENTIALS_10FT | AU37: FITNESS_PLUS_5FT X 1 | AV37: US_FITNESS_PLUS_5FT | BG37: 10FT (D.1) | BH37: US_IPHONE_10FT | BJ37: IPHONE_FEATURES_10FT X 1 | BK37: US_IPHONE_FEATURES_10FT | BL37: 1 | BM37: 0 | BX37: SOFTGOODS_10FT X 1 | BY37: US_SOFTGOODS_10FT | BZ37: US_WATCH_EXTENDED_10FT X 1 | CA37: US_WATCH_EXTENDED_10FT | CD37: 1 | CE37: 1 | CG37: 0 | CH37: 0 | CI37: 0 | CJ37: 0 | CK37: 0 | CL37: 0 | CM37: 0 | CN37: 0 | CO37: 0 | CP37: 0 | CQ37: 0 | CR37: 0 | CS37: 0 | CT37: 0 | CU37: 0 | CV37: 0
A38: R036 | B38: CLARENDON | C38: ARLINGTON,VA | D38: US | E38: AMR | F38: US | 100' (2x50) | NSD 2.0 | R036 | Clarendon | G38: Avenues | H38: 1 | I38: 0 | J38: 0 | K38: N/A | W38: US_AIRPODS_10FT X 1 | X38: US_AIRPODS_10FT | Y38: AIRTAG_5FT X 1 | Z38: US_AIRTAG_5FT | AC38: APPLE_MUSIC_5FT X 1 | AD38: US_APPLE_MUSIC_5FT | AE38: TV_PLUS_5FT_FLEX_LP X 1 | AF38: US_TV_PLUS_5FT_FLEX_LP | AK38: ARCADE_10FT_MF X 1 | AL38: US_ARCADE_10FT | AM38: CONNECTED_HOME_10FT X 1 | AN38: US_CONNECTED_HOME_10FT | AO38: ESSENTIALS_10FT X 1 | AP38: US_ESSENTIALS_10FT | AU38: FITNESS_PLUS_5FT X 1 | AV38: US_FITNESS_PLUS_5FT | BG38: 10FT (D.1) | BH38: US_IPHONE_10FT | BJ38: IPHONE_FEATURES_10FT X 1 | BK38: US_IPHONE_FEATURES_10FT | BL38: 1 | BM38: 0 | BX38: SOFTGOODS_10FT X 1 | BY38: US_SOFTGOODS_10FT | BZ38: WATCH_10FT X 1 | CA38: US_WATCH_10FT | CD38: 1 | CE38: 1 | CG38: 0 | CH38: 0 | CI38: 0 | CJ38: 0 | CK38: 0 | CL38: 0 | CM38: 0 | CN38: 0 | CO38: 0 | CP38: 0 | CQ38: 0 | CR38: 0 | CS38: 0 | CT38: 0 | CU38: 0 | CV38: 0
A39: R039 | B39: VALLEY FAIR | C39: SANTA CLARA,CA | D39: US | E39: AMR | F39: US | 150' (2x50 2x25) | NSD 2.0 | R039 | Valley Fair | G39: Avenues | H39: 3 | I39: 0 | J39: 0 | K39: N/A | W39: US_AIRPODS_10FT X 1 | X39: US_AIRPODS_10FT | Y39: AIRTAG_5FT X 1 | Z39: US_AIRTAG_5FT | AC39: APPLE_MUSIC_10FT X 1 | AD39: US_APPLE_MUSIC_10FT | AE39: TV_PLUS_10FT_FLEX_LP X 1 | AF39: US_TV_PLUS_10FT_FLEX_LP | AI39: US_PICKUP_COUNTER_D.2 X 1 | AJ39: US_PICKUP_COUNTER_D.2 | AK39: ARCADE_10FT X 1 | AL39: US_ARCADE_10FT | AM39: CONNECTED_HOME_10FT X 1 | AN39: US_CONNECTED_HOME_10FT | AO39: ESSENTIALS_15FT X 1 | AP39: US_ESSENTIALS_15FT | AU39: FITNESS_PLUS_10FT X 1 | AV39: US_FITNESS_PLUS_10FT | AY39: US_GRAPHIC_PANEL_10FT X 2 | AZ39: US_GRAPHIC_PANEL_10FT+US_GRAPHIC_PANEL_10FT | BG39: 20FT (D.1) | BH39: US_IPHONE_10FT+US_IPHONE_10FT_FLEX_VF | BI39: 2 | BJ39: IPHONE_FEATURES_10FT X 1 | BK39: US_IPHONE_FEATURES_10FT | BL39: 1 | BM39: 0 | BX39: SOFTGOODS_10FT X 1 | BY39: US_SOFTGOODS_10FT | BZ39: US_WATCH_EXTENDED_10FT X 1 | CA39: US_WATCH_EXTENDED_10FT | CD39: 1 | CE39: 1 | CG39: 0 | CH39: 0 | CI39: 0 | CJ39: 0 | CK39: 0 | CL39: 0 | CM39: 0 | CN39: 0 | CO39: 0 | CP39: 0 | CQ39: 0 | CR39: 0 | CS39: 0 | CT39: 0 | CU39: 0 | CV39: 0
A40: R040 | B40: FASHION VALLEY | C40: SAN DIEGO,CA | D40: US | E40: AMR | F40: US | 2.12W (4.6W) | 4.LF | HSK | FASHION VALLEY | G40: Vintage | H40: 0 | I40: 0 | J40: 0 | K40: 1,2,3,4 | L40: X | M40: X | N40: X | O40: X | S40: ACCY_FIX_LF_1 X 1+ACCY_FIX_LF_2 X 1+ACCY_FIX_LF_3 X 1+ACCY_FIX_LF_4 X 1 | T40: R_US_ACCY_FIX_LF_1+R_US_ACCY_FIX_LF_2+R_US_ACCY_FIX_LF_3+R_US_ACCY_FIX_LF_4 | Y40: R_US_AIRTAG_1W X 1 | Z40: R_US_AIRTAG_1W | AS40: FB4 X 1+R_US_FB3 X 1 | AT40: R_US_FB4+R_US_FB3 | BA40: R_US_HOME_1W X 1 | BB40: R_US_HOME_1W | BE40: R_US_IPAD_HERO_2W X 1 | BF40: R_US_IPAD_HERO_2W | BG40: 4W | BH40: R_US_IPHONE_2W_FB2_2W | BN40: R_US_IPHONE_HERO_2W X 1 | BO40: R_US_IPHONE_HERO_2W | BR40: R_US_MAC_HERO_2W X 1 | BS40: R_US_MAC_HERO_2W | BT40: MUSIC_2W_FB1 X 1 | BU40: R_US_MUSIC_2W_FB1 | CB40: R_US_WATCH_HERO_2W X 1 | CC40: R_US_WATCH_HERO_2W | CG40: 0 | CH40: 0 | CI40: 0 | CJ40: 0 | CK40: 0 | CL40: 0 | CM40: 0 | CN40: 0 | CO40: 0 | CP40: 0 | CQ40: 0 | CR40: 0 | CS40: 0 | CT40: 0 | CU40: 0 | CV40: 0
A41: R041 | B41: TWELVE OAKS | C41: NOVI,MI | D41: US | E41: AMR | F41: US | 2.14W V1 | G41: Vintage | H41: 0 | I41: 0 | J41: 0 | K41: 1,2,3,4 | L41: X | M41: X | N41: X | O41: X | AA41: AEA_FB3_2W X 1 | AB41: R_US_AEA_FB3_2W | AO41: ESSENTIALS_4W X 1 | AP41: R_US_ESSENTIALS_4W | AS41: FB4 X 1 | AT41: R_US_FB4 | BG41: 6W | BH41: R_US_IPHONE_4W_FB2_2W | BT41: MUSIC_2W_FB1_2W X 1 | BU41: R_US_MUSIC_2W_FB1_2W | BX41: R_US_IPAD_2W X 1+R_US_MAC_1W X 1 | BY41: R_US_IPAD_2W+R_US_MAC_1W | BZ41: WATCH_1W X 1 | CA41: R_US_WATCH_1W | CG41: 0 | CH41: 0 | CI41: 0 | CJ41: 0 | CK41: 0 | CL41: 0 | CM41: 0 | CN41: 0 | CO41: 0 | CP41: 0 | CQ41: 0 | CR41: 0 | CS41: 0 | CT41: 0 | CU41: 0 | CV41: 0
A42: R042 | B42: KNOX STREET | C42: DALLAS,TX | D42: US | E42: AMR | F42: US | 2.12W (4.6W) | HSK Pilot | G42: Vintage | H42: 0 | I42: 0 | J42: 0 | K42: 1,2,3,4 | L42: X | M42: X | N42: X | O42: X | Y42: R_US_AIRTAG_1W X 1 | Z42: R_US_AIRTAG_1W | AS42: FB4 X 1+R_US_FB3 X 1 | AT42: R_US_FB4+R_US_FB3 | BA42: R_US_HOME_1W X 1 | BB42: R_US_HOME_1W | BE42: R_US_IPAD_HERO_2W X 1 | BF42: R_US_IPAD_HERO_2W | BG42: 4W | BH42: R_US_IPHONE_2W_FB2_2W | BN42: R_US_IPHONE_HERO_2W X 1 | BO42: R_US_IPHONE_HERO_2W | BR42: R_US_MAC_HERO_2W X 1 | BS42: R_US_MAC_HERO_2W | BT42: MUSIC_2W_FB1 X 1 | BU42: R_US_MUSIC_2W_FB1 | CB42: R_US_WATCH_HERO_2W X 1 | CC42: R_US_WATCH_HERO_2W | CG42: 0 | CH42: 0 | CI42: 0 | CJ42: 0 | CK42: 0 | CL42: 0 | CM42: 0 | CN42: 0 | CO42: 0 | CP42: 0 | CQ42: 0 | CR42: 0 | CS42: 0 | CT42: 0 | CU42: 0 | CV42: 0
A43: R043 | B43: SHORT HILLS | C43: SHORT HILLS,NJ | D43: US | E43: AMR | F43: US | 2.10W | G43: Vintage | H43: 0 | I43: 0 | J43: 0 | K43: 1,2 | L43: X | M43: X | AA43: AEA_2W X 1 | AB43: R_US_AEA_2W | AO43: ESSENTIALS_4W X 1 | AP43: R_US_ESSENTIALS_4W | BG43: 4W | BH43: R_US_IPHONE_2W_FB2_2W | BT43: MUSIC_2W_FB1 X 1 | BU43: R_US_MUSIC_2W_FB1 | BX43: R_US_IPAD_2W X 1+R_US_MAC_1W X 1 | BY43: R_US_IPAD_2W+R_US_MAC_1W | BZ43: WATCH_1W X 1 | CA43: R_US_WATCH_1W | CG43: 0 | CH43: 0 | CI43: 0 | CJ43: 0 | CK43: 0 | CL43: 0 | CM43: 0 | CN43: 0 | CO43: 0 | CP43: 0 | CQ43: 0 | CR43: 0 | CS43: 0 | CT43: 0 | CU43: 0 | CV43: 0
A44: R044 | B44: SANTA ROSA PLAZA | C44: SANTA ROSA,CA | D44: US | E44: AMR | F44: US | 2.18W (6.6W) | 4.LF | R044 | Santa Rosa Plaza | G44: Vintage | H44: 0 | I44: 0 | J44: 0 | K44: 1,2,3,4,5,6 | L44: X | M44: X | N44: X | O44: X | P44: X | Q44: X | S44: ACCY_FIX_LF_1 X 1+ACCY_FIX_LF_2 X 1+ACCY_FIX_LF_3 X 1+ACCY_FIX_LF_4 X 1 | T44: R_US_ACCY_FIX_LF_1+R_US_ACCY_FIX_LF_2+R_US_ACCY_FIX_LF_3+R_US_ACCY_FIX_LF_4 | AA44: AEA_FB3_2W_MF X 1 | AB44: R_US_AEA_FB3_2W | AO44: ESSENTIALS_4W_FB5_2W X 1 | AP44: R_US_ESSENTIALS_4W_FB5_2W | AS44: FB4 X 1 | AT44: R_US_FB4 | BG44: 6W | BH44: R_US_IPHONE_4W_FB2_2W | BT44: MUSIC_2W_FB1_2W X 1 | BU44: R_US_MUSIC_2W_FB1_2W | BX44: SOFTGOODS_2W_FB6_2W X 1 | BY44: R_US_SOFTGOODS_2W_FB6_2W | BZ44: R_US_WATCH_2W X 1 | CA44: R_US_WATCH_2W | CG44: 0 | CH44: 0 | CI44: 0 | CJ44: 0 | CK44: 0 | CL44: 0 | CM44: 0 | CN44: 0 | CO44: 0 | CP44: 0 | CQ44: 0 | CR44: 0 | CS44: 0 | CT44: 0 | CU44: 0 | CV44: 0
A45: R045 | B45: ROSENSTRASSE | C45: MUENCHEN,ZZ | D45: DE | E45: EMEIA | F45: 1.10W | 1.3W | 1.5W | FLIP | G45: Vintage | H45: 0 | I45: 0 | J45: 0 | K45: 1,2 | L45: X | M45: X | BA45: HOME_1W X 1 | BB45: R_DE_HOME_1W | BE45: IPAD_HERO_2W X 1 | BF45: R_DE_IPAD_HERO_2W | BG45: 4W | BH45: R_DE_IPHONE_2W_FB2_2W | BN45: IPHONE_HERO_AIRTAG_2W X 1 | BO45: R_DE_IPHONE_HERO_AIRTAG_2W | BR45: MAC_HERO_1W X 1 | BS45: R_DE_MAC_HERO_1W | BT45: MUSIC_2W_FB1 X 1 | BU45: R_DE_MUSIC_2W_FB1 | CB45: WATCH_HERO_EXTENDED_2W X 1 | CC45: R_DE_WATCH_HERO_EXTENDED_2W | CG45: 0 | CH45: 0 | CI45: 0 | CJ45: 0 | CK45: 0 | CL45: 0 | CM45: 0 | CN45: 0 | CO45: 0 | CP45: 0 | CQ45: 0 | CR45: 0 | CS45: 0 | CT45: 0 | CU45: 0 | CV45: 0
A46: R046 | B46: NANUET | C46: NANUET,NY | D46: US | E46: AMR | F46: US | 2.18W | Ex Watch | NANUET | G46: Vintage | H46: 0 | I46: 0 | J46: 0 | K46: 1,2,3,4,5,6 | L46: X | M46: X | N46: X | O46: X | P46: X | Q46: X | AA46: AEA_FB3_2W_MF X 1 | AB46: R_US_AEA_FB3_2W | AO46: ESSENTIALS_4W_FB5_2W X 1 | AP46: R_US_ESSENTIALS_4W_FB5_2W | AS46: FB4 X 1 | AT46: R_US_FB4 | BG46: 6W | BH46: R_US_IPHONE_4W_FB2_2W | BT46: MUSIC_2W_FB1_2W X 1 | BU46: R_US_MUSIC_2W_FB1_2W | BX46: SOFTGOODS_2W_FB6_2W X 1 | BY46: R_US_SOFTGOODS_2W_FB6_2W | BZ46: R_US_WATCH_2W X 1 | CA46: R_US_WATCH_2W | CG46: 0 | CH46: 0 | CI46: 0 | CJ46: 0 | CK46: 0 | CL46: 0 | CM46: 0 | CN46: 0 | CO46: 0 | CP46: 0 | CQ46: 0 | CR46: 0 | CS46: 0 | CT46: 0 | CU46: 0 | CV46: 0
A47: R047 | B47: CHERRY CREEK | C47: DENVER,CO | D47: US | E47: AMR | F47: US | 160’ (2x25)(2x55) | NSD 2.0 | R047 | Cherry Creek | G47: Avenues | H47: 1 | I47: 0 | J47: 0 | K47: N/A | W47: US_AIRPODS_10FT X 1 | X47: US_AIRPODS_10FT | Y47: AIRTAG_5FT X 1 | Z47: US_AIRTAG_5FT | AC47: APPLE_MUSIC_10FT X 1 | AD47: US_APPLE_MUSIC_10FT | AE47: TV_PLUS_10FT_FLEX_LP X 1 | AF47: US_TV_PLUS_10FT_FLEX_LP | AK47: ARCADE_10FT X 1 | AL47: US_ARCADE_10FT | AM47: CONNECTED_HOME_10FT X 1 | AN47: US_CONNECTED_HOME_10FT | AO47: ESSENTIALS_15FT X 1 | AP47: US_ESSENTIALS_15FT | AU47: FITNESS_PLUS_5FT X 1 | AV47: US_FITNESS_PLUS_5FT | AY47: US_GRAPHIC_PANEL_15FT X 2+US_GRAPHIC_PANEL_5FT X 2 | AZ47: US_GRAPHIC_PANEL_15FT+US_GRAPHIC_PANEL_15FT+US_GRAPHIC_PANEL_5FT+US_GRAPHIC_PANEL_5FT | BG47: 15FT (D.1) | BH47: US_IPHONE_15FT | BJ47: IPHONE_FEATURES_10FT X 1 | BK47: US_IPHONE_FEATURES_10FT | BL47: 1 | BM47: 0 | BX47: SOFTGOODS_10FT X 1 | BY47: US_SOFTGOODS_10FT | BZ47: WATCH_10FT X 1 | CA47: US_WATCH_10FT | CD47: 1 | CE47: 1 | CG47: 0 | CH47: 0 | CI47: 0 | CJ47: 0 | CK47: 0 | CL47: 0 | CM47: 0 | CN47: 0 | CO47: 0 | CP47: 0 | CQ47: 0 | CR47: 0 | CS47: 0 | CT47: 0 | CU47: 0 | CV47: 0
A48: R048 | B48: FUKUOKA | C48: CHUO-KU FUKUOKA,40 | D48: JP | E48: APAC | F48: JP | 100' (2X50) | VIN D | R048 FUKUOKA | G48: Avenues | H48: 1 | I48: 0 | J48: 0 | K48: N/A | W48: AIRPODS_10FT X 1 | X48: JP_AIRPODS_10FT | AC48: APPLE_MUSIC_10FT X 1 | AD48: JP_APPLE_MUSIC_10FT | AE48: TV_PLUS_5FT_FLEXBAY_LP X 1 | AF48: JP_TV_PLUS_5FT_FLEXBAY_LP | AK48: ARCADE_10FT X 1 | AL48: JP_ARCADE_10FT | AM48: CONNECTED_HOME_5FT X 1 | AN48: JP_CONNECTED_HOME_5FT | AO48: ESSENTIALS_10FT X 1 | AP48: JP_ESSENTIALS_10FT_FLEX | AY48: GRAPHIC_PANEL_5FT X 2 | AZ48: JP_GRAPHIC_PANEL_5FT+JP_GRAPHIC_PANEL_5FT | BG48: 10FT (D.1) | BH48: JP_IPHONE_10FT | BJ48: IPHONE_FEATURES_10FT X 1 | BK48: JP_IPHONE_FEATURES_10FT | BL48: 1 | BM48: 0 | BX48: SOFTGOODS_5FT_IPAD X 1+SOFTGOODS_AIRTAG_5FT X 1 | BY48: JP_SOFTGOODS_5FT_IPAD+JP_SOFTGOODS_AIRTAG_5FT | BZ48: WATCH_10FT X 1 | CA48: JP_WATCH_10FT | CE48: IPHONE_ACC_5FT X 1 | CG48: 0 | CH48: 0 | CI48: 0 | CJ48: 0 | CK48: 0 | CL48: 0 | CM48: 0 | CN48: 0 | CO48: 0 | CP48: 0 | CQ48: 0 | CR48: 0 | CS48: 0 | CT48: 0 | CU48: 0 | CV48: 0
A49: R049 | B49: SOUTHPOINT | C49: DURHAM,NC | D49: US | E49: AMR | F49: US | 110' (1x35 1x75) | NSD 2.0 | R049 Southpoint | G49: Avenues | H49: 1 | I49: 0 | J49: 0 | K49: N/A | W49: US_AIRPODS_10FT X 1 | X49: US_AIRPODS_10FT | AC49: APPLE_MUSIC_10FT X 1 | AD49: US_APPLE_MUSIC_10FT | AE49: TV_PLUS_10FT_FLEX X 1 | AF49: US_TV_PLUS_10FT_FLEX | AK49: ARCADE_10FT X 1 | AL49: US_ARCADE_10FT | AM49: CONNECTED_HOME_5FT X 1 | AN49: US_CONNECTED_HOME_5FT | AO49: ESSENTIALS_10FT_FLEXBAY X 1 | AP49: US_ESSENTIALS_10FT_FLEXBAY | AU49: FITNESS_PLUS_5FT X 1 | AV49: US_FITNESS_PLUS_5FT | AY49: US_GRAPHIC_PANEL_10FT X 1 | AZ49: US_GRAPHIC_PANEL_10FT | BG49: 10FT (D.1) | BH49: US_IPHONE_10FT | BJ49: IPHONE_FEATURES_10FT X 1 | BK49: US_IPHONE_FEATURES_10FT | BL49: 1 | BM49: 0 | BX49: US_SOFTGOODS_AIRTAG_10FT X 1 | BY49: US_SOFTGOODS_AIRTAG_10FT | BZ49: WATCH_10FT X 1 | CA49: US_WATCH_10FT | CD49: 1 | CE49: 1 | CG49: 0 | CH49: 0 | CI49: 0 | CJ49: 0 | CK49: 0 | CL49: 0 | CM49: 0 | CN49: 0 | CO49: 0 | CP49: 0 | CQ49: 0 | CR49: 0 | CS49: 0 | CT49: 0 | CU49: 0 | CV49: 0
A50: R050 | B50: THE GROVE | C50: LOS ANGELES,CA | D50: US | E50: AMR | F50: US | 230' (2x115) | NSD 2.0 | R050 | The Grove v2 | G50: Avenues | H50: 1 | I50: 0 | J50: 0 | W50: US_AIRPODS_10FT X 1 | X50: US_AIRPODS_10FT | Y50: AIRTAG_10FT X 1 | Z50: US_AIRTAG_10FT | AC50: US_APPLE_MUSIC_15FT X 1 | AD50: US_APPLE_MUSIC_15FT | AE50: TV_PLUS_10FT_FLEX_LP X 1 | AF50: US_TV_PLUS_10FT_FLEX_LP | AI50: US_PICKUP_COUNTER_D.2 X 1 | AJ50: US_PICKUP_COUNTER_D.2 | AK50: ARCADE_10FT X 1 | AL50: US_ARCADE_10FT | AM50: CONNECTED_HOME_10FT X 1 | AN50: US_CONNECTED_HOME_10FT | AO50: ESSENTIALS_15FT_MULTI X 1+US_ESSENTIALS_15FT_GR X 1 | AP50: US_ESSENTIALS_15FT_MULTI+US_ESSENTIALS_15FT_GR | AU50: FITNESS_PLUS_10FT X 1 | AV50: US_FITNESS_PLUS_10FT | AY50: US | GRAPHIC_PANEL_20FT X 2+US_GRAPHIC_PANEL_10FT X 2 | AZ50: US | GRAPHIC_PANEL_20FT+US | GRAPHIC_PANEL_20FT+US_GRAPHIC_PANEL_10FT+US_GRAPHIC_PANEL_10FT | BG50: 15FT (D.1) | BH50: US_IPHONE_15FT | BJ50: IPHONE_FEATURES_10FT X 1 | BK50: US_IPHONE_FEATURES_10FT | BL50: 1 | BM50: 0 | BX50: SOFTGOODS_10FT X 1+US_SOFTGOODS_10FT_GR_MF X 1 | BY50: US_SOFTGOODS_10FT+US_SOFTGOODS_10FT_GR | BZ50: AIRPODS_5FT X 1+US_WATCH_EXTENDED_15FT X 1 | CA50: US_CARBON_NEUTRAL_5FT+US_WATCH_EXTENDED_15FT | CD50: 1 | CE50: 1 | CG50: 0 | CH50: 0 | CI50: 0 | CJ50: 0 | CK50: 0 | CL50: 0 | CM50: 0 | CN50: 0 | CO50: 0 | CP50: 0 | CQ50: 0 | CR50: 0 | CS50: 0 | CT50: 0 | CU50: 0 | CV50: 0
A51: R051 | B51: THIRD ST PROMENADE | C51: SANTA MONICA,CA | D51: US | E51: AMR | F51: US | 210’ (2x105) | NSD 2.0 | R051 | Third Street | G51: Avenues | H51: 1 | I51: 0 | J51: 0 | K51: N/A | W51: US_AIRPODS_10FT X 1 | X51: US_AIRPODS_10FT | Y51: AIRTAG_10FT X 1 | Z51: US_AIRTAG_10FT | AC51: APPLE_MUSIC_10FT X 1 | AD51: US_APPLE_MUSIC_10FT | AE51: TV_PLUS_10FT_FLEX X 1 | AF51: US_TV_PLUS_10FT_FLEX | AK51: ARCADE_15FT X 1 | AL51: US_ARCADE_15FT | AM51: CONNECTED_HOME_10FT X 1 | AN51: US_CONNECTED_HOME_10FT | AO51: ESSENTIALS_15FT X 1 | AP51: US_ESSENTIALS_15FT | AU51: FITNESS_PLUS_10FT X 1 | AV51: US_FITNESS_PLUS_10FT | AY51: LIVING_WALL_25FT X 2+US_GRAPHIC_PANEL_15FT X 2 | AZ51: US_LIVING_WALL_25FT+US_LIVING_WALL_25FT+US_GRAPHIC_PANEL_15FT+US_GRAPHIC_PANEL_15FT | BG51: 10FT (D.1) | BH51: US_IPHONE_10FT | BJ51: IPHONE_FEATURES_10FT X 1 | BK51: US_IPHONE_FEATURES_10FT | BL51: 1 | BM51: 0 | BX51: SOFTGOODS_10FT X 1 | BY51: US_SOFTGOODS_10FT | BZ51: US_WATCH_EXTENDED_10FT X 1 | CA51: US_WATCH_EXTENDED_10FT | CD51: 1 | CE51: 1 | CG51: 0 | CH51: 0 | CI51: 0 | CJ51: 0 | CK51: 0 | CL51: 0 | CM51: 0 | CN51: 0 | CO51: 0 | CP51: 0 | CQ51: 0 | CR51: 0 | CS51: 0 | CT51: 0 | CU51: 0 | CV51: 0
A52: R053 | B52: MILLENIA | C52: ORLANDO,FL | D52: US | E52: AMR | F52: US | 2.18W (6.6W) | VIN C | R053 Millenia | G52: Vintage | H52: 0 | I52: 0 | J52: 0 | K52: 1,2,3,4,5,6 | L52: X | M52: X | N52: X | O52: X | P52: X | Q52: X | Y52: R_US_AIRTAG_2W_MF X 1 | Z52: R_US_AIRTAG_2W | AS52: FB4_MF X 1+R_US_FB3 X 1+R_US_FB5_MF X 1 | AT52: R_US_FB4+R_US_FB3+R_US_FB5 | BA52: R_US_HOME_2W_MF X 1 | BB52: R_US_HOME_2W | BE52: R_US_IPAD_HERO_4W_MF X 1 | BF52: R_US_IPAD_HERO_4W | BG52: 6W | BH52: R_US_IPHONE_FB6_4W_FB2_2W | BN52: R_US_IPHONE_HERO_2W_MF X 1 | BO52: R_US_IPHONE_HERO_2W | BR52: R_US_MAC_HERO_2W_MF X 1 | BS52: R_US_MAC_HERO_2W | BT52: MUSIC_2W_FB1_2W_MF X 1 | BU52: R_US_MUSIC_2W_FB1_2W | CB52: R_US_WATCH_HERO_EXTENDED_2W_MF X 1 | CC52: R_US_WATCH_HERO_EXTENDED_2W | CG52: 0 | CH52: 0 | CI52: 0 | CJ52: 0 | CK52: 0 | CL52: 0 | CM52: 0 | CN52: 0 | CO52: 0 | CP52: 0 | CQ52: 0 | CR52: 0 | CS52: 0 | CT52: 0 | CU52: 0 | CV52: 0
A53: R054 | B53: SOUTHDALE | C53: EDINA,MN | D53: US | E53: AMR | F53: US | 2.20W | R054 | Southdale | G53: Vintage | H53: 0 | I53: 0 | J53: 0 | K53: 1,2,3,4,5,6 | L53: X | M53: X | N53: X | O53: X | P53: X | Q53: X | AA53: AEA_2W_FB3_2W X 1 | AB53: R_US_AEA_2W_FB3_2W | AO53: ESSENTIALS_2W_FB5_3W X 1 | AP53: R_US_ESSENTIALS_2W_FB5_3W | AS53: FB4 X 1 | AT53: R_US_FB4 | BG53: 7W | BH53: R_US_IPHONE_5W_FB2_2W | BT53: MUSIC_2W_FB1_3W X 1 | BU53: R_US_MUSIC_2W_FB1_3W | BX53: R_US_MAC_2W X 1+R_US_SOFTGOODS_1W_FB6_2W_IPAD X 1 | BY53: R_US_MAC_2W+R_US_SOFTGOODS_1W_FB6_2W_IPAD | BZ53: R_US_WATCH_2W X 1 | CA53: R_US_WATCH_2W | CG53: 0 | CH53: 0 | CI53: 0 | CJ53: 0 | CK53: 0 | CL53: 0 | CM53: 0 | CN53: 0 | CO53: 0 | CP53: 0 | CQ53: 0 | CR53: 0 | CS53: 0 | CT53: 0 | CU53: 0 | CV53: 0
A54: R055 | B54: SOMERSET | C54: TROY,MI | D54: US | E54: AMR | F54: US | 2.12W (4.6W) | G54: Vintage | H54: 0 | I54: 0 | J54: 0 | K54: 1,2,3,4 | L54: X | M54: X | N54: X | O54: X | AA54: AEA_FB3_2W X 1 | AB54: R_US_AEA_FB3_2W | AO54: ESSENTIALS_4W X 1 | AP54: R_US_ESSENTIALS_4W | AS54: FB4 X 1 | AT54: R_US_FB4 | BG54: 4W | BH54: R_US_IPHONE_2W_FB2_2W | BT54: MUSIC_2W_FB1 X 1 | BU54: R_US_MUSIC_2W_FB1 | BX54: R_US_IPAD_2W X 1+R_US_MAC_1W X 1 | BY54: R_US_IPAD_2W+R_US_MAC_1W | BZ54: WATCH_1W X 1 | CA54: R_US_WATCH_1W | CG54: 0 | CH54: 0 | CI54: 0 | CJ54: 0 | CK54: 0 | CL54: 0 | CM54: 0 | CN54: 0 | CO54: 0 | CP54: 0 | CQ54: 0 | CR54: 0 | CS54: 0 | CT54: 0 | CU54: 0 | CV54: 0
A55: R056 | B55: OAKBROOK | C55: OAK BROOK,IL | D55: US | E55: AMR | F55: US | 2.16W | 2.LT | ASA UPDATE | G55: Vintage | H55: 0 | I55: 0 | J55: 0 | K55: 1,2,3,4,5,6 | L55: X | M55: X | N55: X | O55: X | P55: X | Q55: X | AA55: AEA_FB3_2W X 1 | AB55: R_US_AEA_FB3_2W | AO55: ESSENTIALS_2W_FB5_2W X 1 | AP55: R_US_ESSENTIALS_2W_FB5_2W | AS55: FB4 X 1 | AT55: R_US_FB4 | BG55: 6W | BH55: R_US_IPHONE_2W_FB6_2W_FB2_2W | BT55: MUSIC_2W_FB1_2W X 1 | BU55: R_US_MUSIC_2W_FB1_2W | BX55: R_US_IPAD_2W X 1+R_US_MAC_1W X 1 | BY55: R_US_IPAD_2W+R_US_MAC_1W | BZ55: WATCH_1W X 1 | CA55: R_US_WATCH_1W | CG55: 0 | CH55: 0 | CI55: 0 | CJ55: 0 | CK55: 0 | CL55: 0 | CM55: 0 | CN55: 0 | CO55: 0 | CP55: 0 | CQ55: 0 | CR55: 0 | CS55: 0 | CT55: 0 | CU55: 0 | CV55: 0
A56: R057 | B56: BAY STREET | C56: EMERYVILLE,CA | D56: US | E56: AMR | F56: US | 110' (2x55) | NSD 2.0 | BAY STREET | G56: Avenues | H56: 1 | I56: 0 | J56: 0 | K56: N/A | W56: US_AIRPODS_10FT X 1 | X56: US_AIRPODS_10FT | AC56: APPLE_MUSIC_10FT X 1 | AD56: US_APPLE_MUSIC_10FT | AE56: TV_PLUS_5FT_FLEX_LP X 1 | AF56: US_TV_PLUS_5FT_FLEX_LP | AK56: ARCADE_10FT X 1 | AL56: US_ARCADE_10FT | AM56: CONNECTED_HOME_10FT X 1 | AN56: US_CONNECTED_HOME_10FT | AO56: ESSENTIALS_10FT X 1 | AP56: US_ESSENTIALS_10FT | AY56: US_GRAPHIC_PANEL_10FT X 2 | AZ56: US_GRAPHIC_PANEL_10FT+US_GRAPHIC_PANEL_10FT | BG56: 10FT (D.1) | BH56: US_IPHONE_10FT | BJ56: IPHONE_FEATURES_10FT X 1 | BK56: US_IPHONE_FEATURES_10FT | BL56: 1 | BM56: 0 | BX56: US_SOFTGOODS_AIRTAG_5FT X 1 | BY56: US_SOFTGOODS_AIRTAG_5FT | BZ56: WATCH_10FT X 1 | CA56: US_WATCH_10FT | CD56: 1 | CE56: 1 | CG56: 0 | CH56: 0 | CI56: 0 | CJ56: 0 | CK56: 0 | CL56: 0 | CM56: 0 | CN56: 0 | CO56: 0 | CP56: 0 | CQ56: 0 | CR56: 0 | CS56: 0 | CT56: 0 | CU56: 0 | CV56: 0
A57: R058 | B57: HOUSTON GALLERIA | C57: HOUSTON,TX | D57: US | E57: AMR | F57: US | 2.16W | Express | Houston Galleria | G57: Vintage | H57: 0 | I57: 0 | J57: 0 | K57: 1,2,3,4,5,6 | L57: X | M57: X | N57: X | O57: X | P57: X | Q57: X | AA57: AEA_FB3_2W X 1 | AB57: R_US_AEA_FB3_2W | AO57: ESSENTIALS_2W_FB5_2W X 1 | AP57: R_US_ESSENTIALS_2W_FB5_2W | AQ57: EXPRESS_PICKUP X 1 | AR57: US_EXPRESS_PICKUP | AS57: FB4 X 1 | AT57: R_US_FB4 | BG57: 6W | BH57: R_US_IPHONE_2W_FB6_2W_FB2_2W | BT57: MUSIC_2W_FB1_2W X 1 | BU57: R_US_MUSIC_2W_FB1_2W | BX57: R_US_IPAD_2W X 1+R_US_MAC_1W X 1 | BY57: R_US_IPAD_2W+R_US_MAC_1W | BZ57: WATCH_1W X 1 | CA57: R_US_WATCH_1W | CG57: 0 | CH57: 0 | CI57: 0 | CJ57: 0 | CK57: 0 | CL57: 0 | CM57: 0 | CN57: 0 | CO57: 0 | CP57: 0 | CQ57: 0 | CR57: 0 | CS57: 0 | CT57: 0 | CU57: 0 | CV57: 0
A58: R059 | B58: MAYFAIR | C58: WAUWATOSA,WI | D58: US | E58: AMR | F58: US | 120’ (2x60) | NSD 2.0 | R059 | Mayfair | G58: Avenues | H58: 1 | I58: 0 | J58: 0 | K58: N/A | W58: US_AIRPODS_10FT X 1 | X58: US_AIRPODS_10FT | Y58: AIRTAG_10FT X 1 | Z58: US_AIRTAG_10FT | AC58: APPLE_MUSIC_10FT X 1 | AD58: US_APPLE_MUSIC_10FT | AE58: TV_PLUS_10FT_FLEX_LP X 1 | AF58: US_TV_PLUS_10FT_FLEX_LP | AK58: ARCADE_10FT X 1 | AL58: US_ARCADE_10FT | AM58: CONNECTED_HOME_10FT X 1 | AN58: US_CONNECTED_HOME_10FT | AO58: ESSENTIALS_10FT X 1 | AP58: US_ESSENTIALS_10FT | AU58: FITNESS_PLUS_10FT X 1 | AV58: US_FITNESS_PLUS_10FT | BG58: 10FT (D.1) | BH58: US_IPHONE_10FT | BJ58: IPHONE_FEATURES_10FT X 1 | BK58: US_IPHONE_FEATURES_10FT | BL58: 1 | BM58: 0 | BX58: SOFTGOODS_10FT X 1 | BY58: US_SOFTGOODS_10FT | BZ58: WATCH_10FT X 1 | CA58: US_WATCH_10FT | CD58: 1 | CE58: 1 | CG58: 0 | CH58: 0 | CI58: 0 | CJ58: 0 | CK58: 0 | CL58: 0 | CM58: 0 | CN58: 0 | CO58: 0 | CP58: 0 | CQ58: 0 | CR58: 0 | CS58: 0 | CT58: 0 | CU58: 0 | CV58: 0
A59: R060 | B59: ROOSEVELT FIELD | C59: GARDEN CITY,NY | D59: US | E59: AMR | F59: US | 2.10W (4.6W) | Temp | R060 ROOSEVELT FIELD | G59: Vintage | H59: 0 | I59: 0 | J59: 0 | K59: 1,2 | L59: X | M59: X | AA59: AEA_2W X 1 | AB59: R_US_AEA_2W | AO59: ESSENTIALS_4W X 1 | AP59: R_US_ESSENTIALS_4W | BG59: 4W | BH59: R_US_IPHONE_2W_FB2_2W | BT59: MUSIC_2W_FB1 X 1 | BU59: R_US_MUSIC_2W_FB1 | BX59: R_US_IPAD_2W X 1+R_US_MAC_1W X 1 | BY59: R_US_IPAD_2W+R_US_MAC_1W | BZ59: WATCH_1W X 1 | CA59: R_US_WATCH_1W | CG59: 0 | CH59: 0 | CI59: 0 | CJ59: 0 | CK59: 0 | CL59: 0 | CM59: 0 | CN59: 0 | CO59: 0 | CP59: 0 | CQ59: 0 | CR59: 0 | CS59: 0 | CT59: 0 | CU59: 0 | CV59: 0
A60: R061 | B60: THE WESTCHESTER | C60: WHITE PLAINS,NY | D60: US | E60: AMR | F60: US | 100’ (2x15 2x35) | NSD 2.0 | R061 | Westchester | G60: Avenues | H60: 1 | I60: 0 | J60: 0 | K60: N/A | W60: US_AIRPODS_10FT X 1 | X60: US_AIRPODS_10FT | Y60: AIRTAG_5FT X 1 | Z60: US_AIRTAG_5FT | AC60: APPLE_MUSIC_10FT X 1 | AD60: US_APPLE_MUSIC_10FT | AE60: TV_PLUS_5FT_FLEX X 1 | AF60: US_TV_PLUS_5FT_FLEX | AK60: ARCADE_10FT X 1 | AL60: US_ARCADE_10FT | AM60: CONNECTED_HOME_5FT X 1 | AN60: US_CONNECTED_HOME_5FT | AO60: ESSENTIALS_10FT_FLEXBAY X 1 | AP60: US_ESSENTIALS_10FT_FLEXBAY | AU60: FITNESS_PLUS_5FT X 1 | AV60: US_FITNESS_PLUS_5FT | BG60: 10FT (D.1) | BH60: US_IPHONE_10FT | BJ60: IPHONE_FEATURES_10FT X 1 | BK60: US_IPHONE_FEATURES_10FT | BL60: 1 | BM60: 0 | BX60: SOFTGOODS_10FT X 1 | BY60: US_SOFTGOODS_10FT | BZ60: WATCH_10FT X 1 | CA60: US_WATCH_10FT | CD60: 1 | CE60: 1 | CG60: 0 | CH60: 0 | CI60: 0 | CJ60: 0 | CK60: 0 | CL60: 0 | CM60: 0 | CN60: 0 | CO60: 0 | CP60: 0 | CQ60: 0 | CR60: 0 | CS60: 0 | CT60: 0 | CU60: 0 | CV60: 0
A61: R062 | B61: WEST COUNTY | C61: DES PERES,MO | D61: US | E61: AMR | F61: US | 90’ (2x15 2x30) | NSD 2.0 | R062 | West County | G61: Avenues | H61: 1 | I61: 0 | J61: 0 | K61: N/A | W61: US_AIRPODS_10FT X 1 | X61: US_AIRPODS_10FT | AA61: AEA_5FT X 1 | AB61: US_AEA_5FT | AC61: APPLE_MUSIC_5FT X 1 | AD61: US_APPLE_MUSIC_5FT | AE61: TV_PLUS_5FT_FLEX_LP X 1 | AF61: US_TV_PLUS_5FT_FLEX_LP | AK61: ARCADE_10FT X 1 | AL61: US_ARCADE_10FT | AM61: CONNECTED_HOME_10FT X 1 | AN61: US_CONNECTED_HOME_10FT | AO61: ESSENTIALS_10FT X 1 | AP61: US_ESSENTIALS_10FT | BG61: 10FT (D.1) | BH61: US_IPHONE_10FT | BJ61: IPHONE_FEATURES_10FT X 1 | BK61: US_IPHONE_FEATURES_10FT | BL61: 1 | BM61: 0 | BX61: US_SOFTGOODS_AIRTAG_5FT X 1 | BY61: US_SOFTGOODS_AIRTAG_5FT | BZ61: US_WATCH_EXTENDED_10FT X 1 | CA61: US_WATCH_EXTENDED_10FT | CD61: 1 | CE61: 1 | CG61: 0 | CH61: 0 | CI61: 0 | CJ61: 0 | CK61: 0 | CL61: 0 | CM61: 0 | CN61: 0 | CO61: 0 | CP61: 0 | CQ61: 0 | CR61: 0 | CS61: 0 | CT61: 0 | CU61: 0 | CV61: 0
A62: R063 | B62: TOWSON TOWN CENTER | C62: TOWSON,MD | D62: US | E62: AMR | F62: US | 2.18W (6.6W) | 2.LF | TOWSON TOWN CENTER | G62: Vintage | H62: 0 | I62: 0 | J62: 0 | K62: 1,2,3,4,5,6 | L62: X | M62: X | N62: X | O62: X | P62: X | Q62: X | S62: ACCY_FIX_LF_1 X 1+ACCY_FIX_LF_2 X 1 | T62: R_US_ACCY_FIX_LF_1+R_US_ACCY_FIX_LF_2 | AA62: AEA_FB3_2W_MF X 1 | AB62: R_US_AEA_FB3_2W | AO62: ESSENTIALS_4W_FB5_2W X 1 | AP62: R_US_ESSENTIALS_4W_FB5_2W | AS62: FB4 X 1 | AT62: R_US_FB4 | BG62: 6W | BH62: R_US_IPHONE_4W_FB2_2W | BT62: MUSIC_2W_FB1_2W X 1 | BU62: R_US_MUSIC_2W_FB1_2W | BX62: SOFTGOODS_2W_FB6_2W X 1 | BY62: R_US_SOFTGOODS_2W_FB6_2W | BZ62: R_US_WATCH_2W X 1 | CA62: R_US_WATCH_2W | CG62: LF x 2 | CH62: 0 | CI62: 0 | CJ62: 0 | CK62: 0 | CL62: 0 | CM62: 0 | CN62: 0 | CO62: 0 | CP62: 0 | CQ62: 0 | CR62: 0 | CS62: 0 | CT62: 0 | CU62: 0 | CV62: 0
A63: R064 | B63: FASHION SHOW | C63: LAS VEGAS,NV | D63: US | E63: AMR | F63: US | 4.10W | 2.LT | R064 | Fashion Show | G63: Vintage | H63: 0 | I63: 0 | J63: 0 | K63: 1,2,3,4,5,6 | L63: X | M63: X | N63: X | O63: X | P63: X | Q63: X | AA63: AEA_FB3_2W X 1 | AB63: R_US_AEA_FB3_2W | AO63: ESSENTIALS_4W_FB5_4W X 1 | AP63: R_US_ESSENTIALS_4W_FB5_4W | AS63: FB4_MF X 1 | AT63: R_US_FB4 | BG63: 8W | BH63: R_US_IPHONE_4W_FB2_4W | BT63: MUSIC_2W_FB1_2W X 1 | BU63: R_US_MUSIC_2W_FB1_2W | BX63: SOFTGOODS_2W_FB6_2W X 1 | BY63: R_US_SOFTGOODS_2W_FB6_2W | BZ63: R_US_WATCH_2W_MF X 1 | CA63: R_US_WATCH_2W | CG63: 0 | CH63: 0 | CI63: 0 | CJ63: 0 | CK63: 0 | CL63: 0 | CM63: 0 | CN63: 0 | CO63: 0 | CP63: 0 | CQ63: 0 | CR63: 0 | CS63: 0 | CT63: 0 | CU63: 0 | CV63: 0
A64: R065 | B64: KING OF PRUSSIA | C64: KING OF PRUSSIA,PA | D64: US | E64: AMR | F64: US | 2.22W (2.10W 4.6W) | 4.LF | R065 | King of Prussia | G64: Vintage | H64: 0 | I64: 0 | J64: 0 | K64: 1,2,3,4,5,6 | L64: X | M64: X | N64: X | O64: X | P64: X | Q64: X | S64: ACCY_FIX_LF_1 X 1+ACCY_FIX_LF_2 X 1+ACCY_FIX_LF_3 X 1+ACCY_FIX_LF_4 X 1 | T64: R_US_ACCY_FIX_LF_1+R_US_ACCY_FIX_LF_2+R_US_ACCY_FIX_LF_3+R_US_ACCY_FIX_LF_4 | AA64: AEA_2W_FB3_3W_MF X 1 | AB64: R_US_AEA_2W_FB3_3W | AO64: ESSENTIALS_4W_FB5_2W X 1 | AP64: R_US_ESSENTIALS_4W_FB5_2W | AS64: FB4 X 1 | AT64: R_US_FB4 | BG64: 8W | BH64: R_US_IPHONE_6W_FB2_2W | BT64: R_US_MUSIC_2W_FB1_3W_PR X 1 | BU64: R_US_MUSIC_2W_FB1_3W_PR | BX64: SOFTGOODS_2W_FB6_4W X 1 | BY64: R_US_SOFTGOODS_2W_FB6_4W | BZ64: R_US_WATCH_2W X 1 | CA64: R_US_WATCH_2W | CG64: LF x 4 | CH64: 0 | CI64: 0 | CJ64: 0 | CK64: 0 | CL64: 0 | CM64: 0 | CN64: 0 | CO64: 0 | CP64: 0 | CQ64: 0 | CR64: 0 | CS64: 0 | CT64: 0 | CU64: 0 | CV64: 0
A65: R066 | B65: KEYSTONE | C65: INDIANAPOLIS,IN | D65: US | E65: AMR | F65: US | 150’ (2x20 2x55) | NSD 2.0 | R066 | Keystone | G65: Avenues | H65: 1 | I65: 0 | J65: 0 | K65: N/A | W65: US_AIRPODS_10FT X 1 | X65: US_AIRPODS_10FT | Y65: AIRTAG_10FT X 1 | Z65: US_AIRTAG_10FT | AC65: APPLE_MUSIC_10FT X 1 | AD65: US_APPLE_MUSIC_10FT | AE65: TV_PLUS_10FT_FLEX_LP X 1 | AF65: US_TV_PLUS_10FT_FLEX_LP | AK65: ARCADE_10FT X 1 | AL65: US_ARCADE_10FT | AM65: CONNECTED_HOME_10FT X 1 | AN65: US_CONNECTED_HOME_10FT | AO65: ESSENTIALS_10FT X 1 | AP65: US_ESSENTIALS_10FT | AU65: FITNESS_PLUS_10FT X 1 | AV65: US_FITNESS_PLUS_10FT | AY65: US_GRAPHIC_PANEL_15FT X 2 | AZ65: US_GRAPHIC_PANEL_15FT+US_GRAPHIC_PANEL_15FT | BG65: 10FT (D.1) | BH65: US_IPHONE_10FT | BJ65: IPHONE_FEATURES_10FT X 1 | BK65: US_IPHONE_FEATURES_10FT | BL65: 1 | BM65: 0 | BX65: SOFTGOODS_10FT X 1 | BY65: US_SOFTGOODS_10FT | BZ65: WATCH_10FT X 1 | CA65: US_WATCH_10FT | CD65: 1 | CE65: 1 | CG65: 0 | CH65: 0 | CI65: 0 | CJ65: 0 | CK65: 0 | CL65: 0 | CM65: 0 | CN65: 0 | CO65: 0 | CP65: 0 | CQ65: 0 | CR65: 0 | CS65: 0 | CT65: 0 | CU65: 0 | CV65: 0
A66: R067 | B66: MENLO PARK | C66: EDISON,NJ | D66: US | E66: AMR | F66: US | 90’ (2x45) | NSD 2.0 | V1 | Flexed | Menlo Park | G66: Avenues | H66: 1 | I66: 0 | J66: 0 | K66: N/A | W66: US_AIRPODS_10FT X 1 | X66: US_AIRPODS_10FT | AC66: APPLE_MUSIC_10FT X 1 | AD66: US_APPLE_MUSIC_10FT | AE66: TV_PLUS_5FT_FLEX_LP X 1 | AF66: US_TV_PLUS_5FT_FLEX_LP | AK66: ARCADE_10FT X 1 | AL66: US_ARCADE_10FT | AM66: CONNECTED_HOME_10FT X 1 | AN66: US_CONNECTED_HOME_10FT | AO66: ESSENTIALS_10FT X 1 | AP66: US_ESSENTIALS_10FT | AU66: FITNESS_PLUS_5FT X 1 | AV66: US_FITNESS_PLUS_5FT | BG66: 10FT (D.1) | BH66: US_IPHONE_10FT | BJ66: IPHONE_FEATURES_10FT X 1 | BK66: US_IPHONE_FEATURES_10FT | BL66: 1 | BM66: 0 | BX66: US_SOFTGOODS_AIRTAG_5FT X 1 | BY66: US_SOFTGOODS_AIRTAG_5FT | BZ66: WATCH_5FT X 1 | CA66: US_WATCH_5FT | CD66: 1 | CE66: 1 | CG66: 0 | CH66: 0 | CI66: 0 | CJ66: 0 | CK66: 0 | CL66: 0 | CM66: 0 | CN66: 0 | CO66: 0 | CP66: 0 | CQ66: 0 | CR66: 0 | CS66: 0 | CT66: 0 | CU66: 0 | CV66: 0
A67: R068 | B67: WALT WHITMAN | C67: HUNTINGTON STATION,NY | D67: US | E67: AMR | F67: US | 2.20W | 4.LF | WALT WHITMAN | G67: Vintage | H67: 0 | I67: 0 | J67: 0 | K67: 1,2,3,4,5,6 | L67: X | M67: X | N67: X | O67: X | P67: X | Q67: X | S67: ACCY_FIX_LF_1 X 1+ACCY_FIX_LF_2 X 1+ACCY_FIX_LF_3 X 1+ACCY_FIX_LF_4 X 1 | T67: R_US_ACCY_FIX_LF_1+R_US_ACCY_FIX_LF_2+R_US_ACCY_FIX_LF_3+R_US_ACCY_FIX_LF_4 | AA67: AEA_2W_FB3_2W X 1 | AB67: R_US_AEA_2W_FB3_2W | AO67: ESSENTIALS_2W_FB5_3W X 1 | AP67: R_US_ESSENTIALS_2W_FB5_3W | AS67: FB4 X 1 | AT67: R_US_FB4 | BG67: 7W | BH67: R_US_IPHONE_5W_FB2_2W | BT67: MUSIC_2W_FB1_3W X 1 | BU67: R_US_MUSIC_2W_FB1_3W | BX67: R_US_MAC_2W X 1+R_US_SOFTGOODS_1W_FB6_2W_IPAD X 1 | BY67: R_US_MAC_2W+R_US_SOFTGOODS_1W_FB6_2W_IPAD | BZ67: R_US_WATCH_2W X 1 | CA67: R_US_WATCH_2W | CG67: 0 | CH67: 0 | CI67: 0 | CJ67: 0 | CK67: 0 | CL67: 0 | CM67: 0 | CN67: 0 | CO67: 0 | CP67: 0 | CQ67: 0 | CR67: 0 | CS67: 0 | CT67: 0 | CU67: 0 | CV67: 0
A68: R069 | B68: MISSION VIEJO | C68: MISSION VIEJO,CA | D68: US | E68: AMR | F68: US | 2.10W | G68: Vintage | H68: 0 | I68: 0 | J68: 0 | K68: 1,2 | L68: X | M68: X | AA68: AEA_2W X 1 | AB68: R_US_AEA_2W | AO68: ESSENTIALS_4W X 1 | AP68: R_US_ESSENTIALS_4W | BG68: 4W | BH68: R_US_IPHONE_2W_FB2_2W | BT68: MUSIC_2W_FB1 X 1 | BU68: R_US_MUSIC_2W_FB1 | BX68: R_US_IPAD_2W X 1+R_US_MAC_1W X 1 | BY68: R_US_IPAD_2W+R_US_MAC_1W | BZ68: WATCH_1W X 1 | CA68: R_US_WATCH_1W | CG68: 0 | CH68: 0 | CI68: 0 | CJ68: 0 | CK68: 0 | CL68: 0 | CM68: 0 | CN68: 0 | CO68: 0 | CP68: 0 | CQ68: 0 | CR68: 0 | CS68: 0 | CT68: 0 | CU68: 0 | CV68: 0
A69: R070 | B69: ARDEN FAIR | C69: SACRAMENTO,CA | D69: US | E69: AMR | F69: US | 2.14W | Ex Watch | ARDEN FAIR | G69: Vintage | H69: 0 | I69: 0 | J69: 0 | K69: 1,2,3,4 | L69: X | M69: X | N69: X | O69: X | AA69: AEA_FB3_2W X 1 | AB69: R_US_AEA_FB3_2W | AO69: ESSENTIALS_4W X 1 | AP69: R_US_ESSENTIALS_4W | AS69: FB4 X 1 | AT69: R_US_FB4 | BG69: 6W | BH69: R_US_IPHONE_4W_FB2_2W | BT69: MUSIC_2W_FB1_2W X 1 | BU69: R_US_MUSIC_2W_FB1_2W | BX69: R_US_IPAD_2W X 1+R_US_MAC_1W X 1 | BY69: R_US_IPAD_2W+R_US_MAC_1W | BZ69: R_US_WATCH_EXTENDED_1W X 1 | CA69: R_US_WATCH_EXTENDED_1W | CG69: 0 | CH69: 0 | CI69: 0 | CJ69: 0 | CK69: 0 | CL69: 0 | CM69: 0 | CN69: 0 | CO69: 0 | CP69: 0 | CQ69: 0 | CR69: 0 | CS69: 0 | CT69: 0 | CU69: 0 | CV69: 0
A70: R071 | B70: CORTE MADERA | C70: CORTE MADERA,CA | D70: US | E70: AMR | F70: US | 110’ (2x55) | NSD 1.0 | R071 | Corte Madera | G70: Avenues | H70: 0 | I70: 0 | J70: 0 | K70: N/A | W70: US_AIRPODS_10FT X 1 | X70: US_AIRPODS_10FT | AA70: AEA_10FT_SPLIT X 1 | AB70: US_AEA_10FT_SPLIT | AC70: US_APPLE_MUSIC_HPM_5FT X 1 | AD70: US_APPLE_MUSIC_HPM_5FT | AE70: TV_PLUS_5FT_FLEX_LP X 1 | AF70: US_TV_PLUS_5FT_FLEX_LP | AO70: ESSENTIALS_10FT X 1 | AP70: US_ESSENTIALS_10FT | AY70: US_GRAPHIC_PANEL_15FT X 2+US_GRAPHIC_PANEL_5FT X 2 | AZ70: US_GRAPHIC_PANEL_15FT+US_GRAPHIC_PANEL_15FT+US_GRAPHIC_PANEL_5FT+US_GRAPHIC_PANEL_5FT | BG70: 15FT (D.1) | BH70: US_IPHONE_15FT | BX70: US_SOFTGOODS_AIRTAG_10FT X 1 | BY70: US_SOFTGOODS_AIRTAG_10FT | BZ70: WATCH_5FT X 1 | CA70: US_WATCH_5FT | CD70: 1 | CE70: 1 | CG70: 0 | CH70: 0 | CI70: 0 | CJ70: 0 | CK70: 0 | CL70: 0 | CM70: 0 | CN70: 0 | CO70: 0 | CP70: 0 | CQ70: 0 | CR70: 0 | CS70: 0 | CT70: 0 | CU70: 0 | CV70: 0
A71: R072 | B71: UNIVERSITY VILLAGE | C71: SEATTLE,WA | D71: US | E71: AMR | F71: US | 120’ (2x60) | NSD 2.0 | R072 | University Village | G71: Avenues | H71: 1 | I71: 0 | J71: 0 | K71: N/A | W71: US_AIRPODS_10FT X 1 | X71: US_AIRPODS_10FT | Y71: AIRTAG_5FT X 1 | Z71: US_AIRTAG_5FT | AC71: APPLE_MUSIC_10FT X 1 | AD71: US_APPLE_MUSIC_10FT | AE71: TV_PLUS_10FT_FLEX X 1 | AF71: US_TV_PLUS_10FT_FLEX | AK71: ARCADE_10FT X 1 | AL71: US_ARCADE_10FT | AM71: CONNECTED_HOME_5FT X 1 | AN71: US_CONNECTED_HOME_5FT | AO71: ESSENTIALS_10FT_FLEXBAY X 1 | AP71: US_ESSENTIALS_10FT_FLEXBAY | AU71: FITNESS_PLUS_10FT X 1 | AV71: US_FITNESS_PLUS_10FT | AY71: LIVING_WALL_10FT X 1 | AZ71: US_LIVING_WALL_10FT | BG71: 10FT (D.1) | BH71: US_IPHONE_10FT | BJ71: IPHONE_FEATURES_10FT X 1 | BK71: US_IPHONE_FEATURES_10FT | BL71: 1 | BM71: 0 | BX71: SOFTGOODS_10FT X 1 | BY71: US_SOFTGOODS_10FT | BZ71: US_WATCH_EXTENDED_10FT X 1 | CA71: US_WATCH_EXTENDED_10FT | CD71: 1 | CE71: 1 | CG71: 0 | CH71: 0 | CI71: 0 | CJ71: 0 | CK71: 0 | CL71: 0 | CM71: 0 | CN71: 0 | CO71: 0 | CP71: 0 | CQ71: 0 | CR71: 0 | CS71: 0 | CT71: 0 | CU71: 0 | CV71: 0
A72: R073 | B72: ALA MOANA | C72: HONOLULU,HI | D72: US | E72: AMR | F72: US | 2.12W (4.6W) | AKHI | R073 | Ala Moana | G72: Vintage | H72: 0 | I72: 0 | J72: 0 | K72: 1,2,3,4 | L72: X | M72: X | N72: X | O72: X | AA72: AEA_FB3_2W_AKHI X 1 | AB72: R_US_AEA_FB3_2W_AKHI | AO72: ESSENTIALS_4W_AKHI X 1 | AP72: R_US_ESSENTIALS_4W_AKHI | AS72: FB4_AKHI X 1 | AT72: R_US_FB4_AKHI | BG72: 4W | BH72: R_US_IPHONE_2W_FB2_2W | BT72: MUSIC_2W_FB1 X 1 | BU72: R_US_MUSIC_2W_FB1 | BX72: R_US_IPAD_2W X 1+R_US_MAC_1W X 1 | BY72: R_US_IPAD_2W+R_US_MAC_1W | BZ72: WATCH_1W X 1 | CA72: R_US_WATCH_1W | CG72: 0 | CH72: 0 | CI72: 0 | CJ72: 0 | CK72: 0 | CL72: 0 | CM72: 0 | CN72: 0 | CO72: 0 | CP72: 0 | CQ72: 0 | CR72: 0 | CS72: 0 | CT72: 0 | CU72: 0 | CV72: 0
A73: R074 | B73: BOCA RATON | C73: BOCA RATON,FL | D73: US | E73: AMR | F73: US | 2.18W (6.6W) | G73: Vintage | H73: 0 | I73: 0 | J73: 0 | K73: 1,2,3,4,5,6 | L73: X | M73: X | N73: X | O73: X | P73: X | Q73: X | AA73: AEA_FB3_2W_MF X 1 | AB73: R_US_AEA_FB3_2W | AO73: ESSENTIALS_4W_FB5_2W X 1 | AP73: R_US_ESSENTIALS_4W_FB5_2W | AS73: FB4 X 1 | AT73: R_US_FB4 | BG73: 6W | BH73: R_US_IPHONE_4W_FB2_2W | BT73: MUSIC_2W_FB1_2W X 1 | BU73: R_US_MUSIC_2W_FB1_2W | BX73: SOFTGOODS_2W_FB6_2W X 1 | BY73: R_US_SOFTGOODS_2W_FB6_2W | BZ73: R_US_WATCH_2W X 1 | CA73: R_US_WATCH_2W | CG73: 0 | CH73: 0 | CI73: 0 | CJ73: 0 | CK73: 0 | CL73: 0 | CM73: 0 | CN73: 0 | CO73: 0 | CP73: 0 | CQ73: 0 | CR73: 0 | CS73: 0 | CT73: 0 | CU73: 0 | CV73: 0
A74: R075 | B74: APPLE UNION SQUARE | C74: SAN FRANCISCO,CA | D74: US | E74: AMR | F74: US | 130’ (1x75 1x55) | NSD 2.0 | R075 | Union Square | G74: Avenues | H74: 1 | I74: 0 | J74: 0 | K74: N/A | W74: US_AIRPODS_10FT X 1 | X74: US_AIRPODS_10FT | Y74: AIRTAG_10FT X 1 | Z74: US_AIRTAG_10FT | AC74: APPLE_MUSIC_10FT X 1 | AD74: US_APPLE_MUSIC_10FT | AE74: TV_PLUS_5FT_FLEX_LP X 1 | AF74: US_TV_PLUS_5FT_FLEX_LP | AK74: ARCADE_10FT X 1 | AL74: US_ARCADE_10FT | AM74: CONNECTED_HOME_10FT X 1 | AN74: US_CONNECTED_HOME_10FT | AO74: ESSENTIALS_10FT X 1 | AP74: US_ESSENTIALS_10FT | AU74: FITNESS_PLUS_10FT X 1 | AV74: US_FITNESS_PLUS_10FT | AY74: US_GRAPHIC_PANEL_15FT X 1 | AZ74: US_GRAPHIC_PANEL_15FT | BG74: 10FT (D.1) | BH74: US_IPHONE_10FT | BJ74: US_IPHONE_FEATURES_10FT_LNY X 1 | BK74: US_IPHONE_FEATURES_10FT_LNY | BL74: 1 | BM74: 0 | BX74: US_SOFTGOODS_AIRTAG_10FT X 1 | BY74: US_SOFTGOODS_AIRTAG_10FT | BZ74: US_WATCH_EXTENDED_10FT X 1 | CA74: US_WATCH_EXTENDED_10FT | CD74: 1 | CE74: 1 | CG74: 0 | CH74: 0 | CI74: 0 | CJ74: 0 | CK74: 0 | CL74: 0 | CM74: 0 | CN74: 0 | CO74: 0 | CP74: 0 | CQ74: 0 | CR74: 0 | CS74: 0 | CT74: 0 | CU74: 0 | CV74: 0
A75: R076 | B75: CHESTNUT HILL | C75: CHESTNUT HILL,MA | D75: US | E75: AMR | F75: US | 110’ (2x55) | NSD 1.5 | R076 | Chestnut Hill | G75: Avenues | H75: 1 | I75: 0 | J75: 0 | K75: N/A | W75: US_AIRPODS_10FT X 1 | X75: US_AIRPODS_10FT | AA75: AEA_10FT_SPLIT X 1 | AB75: US_AEA_10FT_SPLIT | AC75: US_APPLE_MUSIC_HPM_5FT X 1 | AD75: US_APPLE_MUSIC_HPM_5FT | AE75: TV_PLUS_5FT_FLEX_LP X 1 | AF75: US_TV_PLUS_5FT_FLEX_LP | AK75: ARCADE_10FT X 1 | AL75: US_ARCADE_10FT | AO75: ESSENTIALS_10FT X 1 | AP75: US_ESSENTIALS_10FT | AY75: US_GRAPHIC_PANEL_5FT X 4 | AZ75: US_GRAPHIC_PANEL_5FT+US_GRAPHIC_PANEL_5FT+US_GRAPHIC_PANEL_5FT+US_GRAPHIC_PANEL_5FT | BG75: 15FT (D.1) | BH75: US_IPHONE_15FT | BJ75: IPHONE_FEATURES_10FT X 1 | BK75: US_IPHONE_FEATURES_10FT | BL75: 1 | BM75: 0 | BX75: US_SOFTGOODS_AIRTAG_10FT X 1 | BY75: US_SOFTGOODS_AIRTAG_10FT | BZ75: WATCH_5FT X 1 | CA75: US_WATCH_5FT | CD75: 1 | CE75: 1 | CG75: 0 | CH75: 0 | CI75: 0 | CJ75: 0 | CK75: 0 | CL75: 0 | CM75: 0 | CN75: 0 | CO75: 0 | CP75: 0 | CQ75: 0 | CR75: 0 | CS75: 0 | CT75: 0 | CU75: 0 | CV75: 0
A76: R077 | B76: PIONEER PLACE | C76: PORTLAND,OR | D76: US | E76: AMR | F76: US | 100’ (2x50) | NSD 2.0 | R077 | Pioneer Place | G76: Avenues | H76: 1 | I76: 0 | J76: 0 | K76: N/A | W76: US_AIRPODS_10FT X 1 | X76: US_AIRPODS_10FT | AC76: APPLE_MUSIC_10FT X 1 | AD76: US_APPLE_MUSIC_10FT | AE76: TV_PLUS_10FT_FLEX X 1 | AF76: US_TV_PLUS_10FT_FLEX | AK76: ARCADE_10FT X 1 | AL76: US_ARCADE_10FT | AM76: CONNECTED_HOME_5FT X 1 | AN76: US_CONNECTED_HOME_5FT | AO76: ESSENTIALS_10FT_FLEXBAY X 1 | AP76: US_ESSENTIALS_10FT_FLEXBAY | AU76: FITNESS_PLUS_5FT X 1 | AV76: US_FITNESS_PLUS_5FT | BG76: 10FT (D.1) | BH76: US_IPHONE_10FT | BJ76: IPHONE_FEATURES_10FT X 1 | BK76: US_IPHONE_FEATURES_10FT | BL76: 1 | BM76: 0 | BX76: US_SOFTGOODS_AIRTAG_10FT X 1 | BY76: US_SOFTGOODS_AIRTAG_10FT | BZ76: US_WATCH_EXTENDED_10FT X 1 | CA76: US_WATCH_EXTENDED_10FT | CD76: 1 | CE76: 1 | CG76: 0 | CH76: 0 | CI76: 0 | CJ76: 0 | CK76: 0 | CL76: 0 | CM76: 0 | CN76: 0 | CO76: 0 | CP76: 0 | CQ76: 0 | CR76: 0 | CS76: 0 | CT76: 0 | CU76: 0 | CV76: 0
A77: R078 | B77: SHORT PUMP TOWN CENTER | C77: HENRICO,VA | D77: US | E77: AMR | F77: US | 2.14W | 2.LT | G77: Vintage | H77: 0 | I77: 0 | J77: 0 | K77: 1,2,3,4 | L77: X | M77: X | N77: X | O77: X | AA77: AEA_FB3_2W X 1 | AB77: R_US_AEA_FB3_2W | AO77: ESSENTIALS_4W X 1 | AP77: R_US_ESSENTIALS_4W | AS77: FB4 X 1 | AT77: R_US_FB4 | BG77: 6W | BH77: R_US_IPHONE_4W_FB2_2W | BT77: MUSIC_2W_FB1_2W X 1 | BU77: R_US_MUSIC_2W_FB1_2W | BX77: R_US_IPAD_2W X 1+R_US_MAC_1W X 1 | BY77: R_US_IPAD_2W+R_US_MAC_1W | BZ77: WATCH_1W X 1 | CA77: R_US_WATCH_1W | CG77: 0 | CH77: 0 | CI77: 0 | CJ77: 0 | CK77: 0 | CL77: 0 | CM77: 0 | CN77: 0 | CO77: 0 | CP77: 0 | CQ77: 0 | CR77: 0 | CS77: 0 | CT77: 0 | CU77: 0 | CV77: 0
A78: R079 | B78: GINZA | C78: Chuo-ku Tokyo,13 | D78: JP | E78: APAC | F78: JP | 34W (1.8W 1.6W 4.3W 4.2W) | VIN C | 4F | R079 GINZA | G78: Vintage D | H78: 2 | I78: 0 | J78: 0 | L78: X | M78: X | W78: AIRPODS_10FT X 1 | X78: JP_AIRPODS_10FT | AC78: APPLE_MUSIC_10FT X 1 | AD78: JP_APPLE_MUSIC_10FT | AE78: TV_PLUS_10FT_FLEX_LP X 1 | AF78: JP_TV_PLUS_10FT_FLEXBAY_LP | AK78: ARCADE_10FT X 1 | AL78: JP_ARCADE_10FT | BG78: 6W | BH78: JP_IPHONE_10FT_FLEX | BI78: 1 | BJ78: IPHONE_FEATURES_10FT X 1 | BK78: JP_IPHONE_FEATURES_10FT | BL78: 1 | BM78: 0 | BZ78: WATCH_EXTENDED_2W X 1 | CA78: R_JP_WATCH_EXTENDED_2W | CD78: IPHONE_MAC_ACC_10FT X 1 | CE78: IPHONE_ACC_5FT X 1 | CG78: 0 | CH78: 0 | CI78: 0 | CJ78: 0 | CK78: 0 | CL78: 0 | CM78: 0 | CN78: 0 | CO78: 0 | CP78: 0 | CQ78: 0 | CR78: 0 | CS78: 0 | CT78: 0 | CU78: 0 | CV78: 0
A79: R080 | B79: AVALON | C79: ALPHARETTA,GA | D79: US | E79: AMR | F79: US | 60’ (2x15 1x30) | NSD 2.0 | R080 | Avalon | G79: Avenues | H79: 1 | I79: 0 | J79: 0 | K79: N/A | W79: US_AIRPODS_10FT X 1 | X79: US_AIRPODS_10FT | AC79: US_APPLE_MUSIC_HPM_5FT X 1 | AD79: US_APPLE_MUSIC_HPM_5FT | AE79: TV_PLUS_5FT_FLEX_LP X 1 | AF79: US_TV_PLUS_5FT_FLEX_LP | AK79: ARCADE_5FT X 1 | AL79: US_ARCADE_5FT | AO79: ESSENTIALS_10FT X 1 | AP79: US_ESSENTIALS_10FT | BG79: 10FT (D.1) | BH79: US_IPHONE_10FT | BJ79: IPHONE_FEATURES_10FT X 1 | BK79: US_IPHONE_FEATURES_10FT | BL79: 1 | BM79: 0 | BX79: US_SOFTGOODS_AIRTAG_5FT X 1 | BY79: US_SOFTGOODS_AIRTAG_5FT | CD79: 1 | CE79: 1 | CG79: 0 | CH79: 0 | CI79: 0 | CJ79: 0 | CK79: 0 | CL79: 0 | CM79: 0 | CN79: 0 | CO79: 0 | CP79: 0 | CQ79: 0 | CR79: 0 | CS79: 0 | CT79: 0 | CU79: 0 | CV79: 0
A80: R081 | B80: ETON | C80: WOODMERE,OH | D80: US | E80: AMR | F80: US | 2.18W | G80: Vintage | H80: 0 | I80: 0 | J80: 0 | K80: 1,2,3,4,5,6 | L80: X | M80: X | N80: X | O80: X | P80: X | Q80: X | AA80: AEA_FB3_2W_MF X 1 | AB80: R_US_AEA_FB3_2W | AO80: ESSENTIALS_4W_FB5_2W X 1 | AP80: R_US_ESSENTIALS_4W_FB5_2W | AS80: FB4 X 1 | AT80: R_US_FB4 | BG80: 6W | BH80: R_US_IPHONE_4W_FB2_2W | BT80: MUSIC_2W_FB1_2W X 1 | BU80: R_US_MUSIC_2W_FB1_2W | BX80: SOFTGOODS_2W_FB6_2W X 1 | BY80: R_US_SOFTGOODS_2W_FB6_2W | BZ80: R_US_WATCH_2W X 1 | CA80: R_US_WATCH_2W | CG80: 0 | CH80: 0 | CI80: 0 | CJ80: 0 | CK80: 0 | CL80: 0 | CM80: 0 | CN80: 0 | CO80: 0 | CP80: 0 | CQ80: 0 | CR80: 0 | CS80: 0 | CT80: 0 | CU80: 0 | CV80: 0
A81: R082 | B81: UTC | C81: SAN DIEGO,CA | D81: US | E81: AMR | F81: US | 110' (2x55) | NSD 2.0 | Flexed | UTC | G81: Avenues | H81: 1 | I81: 0 | J81: 0 | K81: N/A | W81: US_AIRPODS_10FT X 1 | X81: US_AIRPODS_10FT | Y81: AIRTAG_5FT X 1 | Z81: US_AIRTAG_5FT | AC81: APPLE_MUSIC_10FT X 1 | AD81: US_APPLE_MUSIC_10FT | AE81: TV_PLUS_5FT_FLEX_LP X 1 | AF81: US_TV_PLUS_5FT_FLEX_LP | AK81: ARCADE_10FT X 1 | AL81: US_ARCADE_10FT | AM81: CONNECTED_HOME_10FT X 1 | AN81: US_CONNECTED_HOME_10FT | AO81: ESSENTIALS_10FT X 1 | AP81: US_ESSENTIALS_10FT | AU81: FITNESS_PLUS_10FT X 1 | AV81: US_FITNESS_PLUS_10FT | BG81: 10FT (D.1) | BH81: US_IPHONE_10FT | BJ81: IPHONE_FEATURES_10FT X 1 | BK81: US_IPHONE_FEATURES_10FT | BL81: 1 | BM81: 0 | BX81: SOFTGOODS_10FT X 1 | BY81: US_SOFTGOODS_10FT | BZ81: WATCH_10FT X 1 | CA81: US_WATCH_10FT | CD81: 1 | CE81: 1 | CG81: 0 | CH81: 0 | CI81: 0 | CJ81: 0 | CK81: 0 | CL81: 0 | CM81: 0 | CN81: 0 | CO81: 0 | CP81: 0 | CQ81: 0 | CR81: 0 | CS81: 0 | CT81: 0 | CU81: 0 | CV81: 0
A82: R083 | B82: SOUTHPARK | C82: CHARLOTTE,NC | D82: US | E82: AMR | F82: US | 150’ (2x75) | NSD 2.0 | R083 | Southpark | G82: Avenues | H82: 1 | I82: 0 | J82: 0 | K82: N/A | W82: US_AIRPODS_10FT X 1 | X82: US_AIRPODS_10FT | Y82: AIRTAG_10FT X 1 | Z82: US_AIRTAG_10FT | AC82: APPLE_MUSIC_10FT X 1 | AD82: US_APPLE_MUSIC_10FT | AE82: TV_PLUS_10FT_FLEX X 1 | AF82: US_TV_PLUS_10FT_FLEX | AK82: ARCADE_10FT X 1 | AL82: US_ARCADE_10FT | AM82: CONNECTED_HOME_10FT X 1 | AN82: US_CONNECTED_HOME_10FT | AO82: ESSENTIALS_10FT_FLEXBAY X 1 | AP82: US_ESSENTIALS_10FT_FLEXBAY | AU82: FITNESS_PLUS_10FT X 1 | AV82: US_FITNESS_PLUS_10FT | AY82: US_GRAPHIC_PANEL_15FT X 2 | AZ82: US_GRAPHIC_PANEL_15FT+US_GRAPHIC_PANEL_15FT | BG82: 10FT (D.1) | BH82: US_IPHONE_10FT | BJ82: IPHONE_FEATURES_10FT X 1 | BK82: US_IPHONE_FEATURES_10FT | BL82: 1 | BM82: 0 | BX82: SOFTGOODS_10FT X 1 | BY82: US_SOFTGOODS_10FT | BZ82: WATCH_10FT X 1 | CA82: US_WATCH_10FT | CD82: 1 | CE82: 1 | CG82: 0 | CH82: 0 | CI82: 0 | CJ82: 0 | CK82: 0 | CL82: 0 | CM82: 0 | CN82: 0 | CO82: 0 | CP82: 0 | CQ82: 0 | CR82: 0 | CS82: 0 | CT82: 0 | CU82: 0 | CV82: 0
A83: R084 | B83: MONTGOMERY MALL | C83: BETHESDA,MD | D83: US | E83: AMR | F83: US | 110’ (2x55) | NSD 2.0 | R084 | Montgomery Mall | G83: Avenues | H83: 1 | I83: 0 | J83: 0 | K83: N/A | W83: US_AIRPODS_10FT X 1 | X83: US_AIRPODS_10FT | Y83: AIRTAG_5FT X 1 | Z83: US_AIRTAG_5FT | AC83: APPLE_MUSIC_10FT X 1 | AD83: US_APPLE_MUSIC_10FT | AE83: TV_PLUS_5FT_FLEX_LP X 1 | AF83: US_TV_PLUS_5FT_FLEX_LP | AK83: ARCADE_10FT X 1 | AL83: US_ARCADE_10FT | AM83: CONNECTED_HOME_10FT X 1 | AN83: US_CONNECTED_HOME_10FT | AO83: ESSENTIALS_10FT X 1 | AP83: US_ESSENTIALS_10FT | AU83: FITNESS_PLUS_10FT X 1 | AV83: US_FITNESS_PLUS_10FT | BG83: 10FT (D.1) | BH83: US_IPHONE_10FT | BJ83: IPHONE_FEATURES_10FT X 1 | BK83: US_IPHONE_FEATURES_10FT | BL83: 1 | BM83: 0 | BX83: SOFTGOODS_10FT X 1 | BY83: US_SOFTGOODS_10FT | BZ83: WATCH_10FT X 1 | CA83: US_WATCH_10FT | CD83: 1 | CE83: 1 | CG83: 0 | CH83: 0 | CI83: 0 | CJ83: 0 | CK83: 0 | CL83: 0 | CM83: 0 | CN83: 0 | CO83: 0 | CP83: 0 | CQ83: 0 | CR83: 0 | CS83: 0 | CT83: 0 | CU83: 0 | CV83: 0
A84: R085 | B84: BARTON CREEK | C84: AUSTIN,TX | D84: US | E84: AMR | F84: US | 2.16W | HSK | BARTON CREEK | G84: Vintage | H84: 0 | I84: 0 | J84: 0 | K84: 1,2,3,4,5,6 | L84: X | M84: X | N84: X | O84: X | P84: X | Q84: X | Y84: R_US_AIRTAG_1W X 1 | Z84: R_US_AIRTAG_1W | AS84: FB4 X 1+R_US_FB3 X 1+R_US_FB5 X 1 | AT84: R_US_FB4+R_US_FB3+R_US_FB5 | BA84: R_US_HOME_1W X 1 | BB84: R_US_HOME_1W | BE84: R_US_IPAD_HERO_2W X 1 | BF84: R_US_IPAD_HERO_2W | BG84: 6W | BH84: R_US_IPHONE_2W_FB6_2W_FB2_2W | BN84: R_US_IPHONE_HERO_2W X 1 | BO84: R_US_IPHONE_HERO_2W | BR84: R_US_MAC_HERO_2W X 1 | BS84: R_US_MAC_HERO_2W | BT84: MUSIC_2W_FB1_2W X 1 | BU84: R_US_MUSIC_2W_FB1_2W | CB84: R_US_WATCH_HERO_2W X 1 | CC84: R_US_WATCH_HERO_2W | CG84: 0 | CH84: 0 | CI84: 0 | CJ84: 0 | CK84: 0 | CL84: 0 | CM84: 0 | CN84: 0 | CO84: 0 | CP84: 0 | CQ84: 0 | CR84: 0 | CS84: 0 | CT84: 0 | CU84: 0 | CV84: 0
A85: R086 | B85: LA ENCANTADA | C85: TUCSON,AZ | D85: US | E85: AMR | F85: US | 2.10W | Temp Store | R086 LA ENCANTADA | G85: Vintage | H85: 1 | I85: 0 | J85: 0 | K85: 1,2,3,4 | L85: X | M85: X | N85: X | O85: X | AA85: AEA_2W X 1 | AB85: R_US_AEA_2W | AO85: ESSENTIALS_4W X 1 | AP85: R_US_ESSENTIALS_4W | BG85: 10FT (Vin E) | BH85: R_US_IPHONE_2W_FB2_2W | BI85: 1 | BT85: MUSIC_2W_FB1 X 1 | BU85: R_US_MUSIC_2W_FB1 | BX85: R_US_IPAD_2W X 1+R_US_MAC_1W X 1 | BY85: R_US_IPAD_2W+R_US_MAC_1W | BZ85: WATCH_1W X 1 | CA85: R_US_WATCH_1W | CG85: 0 | CH85: 0 | CI85: 0 | CJ85: 0 | CK85: 0 | CL85: 0 | CM85: 0 | CN85: 0 | CO85: 0 | CP85: 0 | CQ85: 0 | CR85: 0 | CS85: 0 | CT85: 0 | CU85: 0 | CV85: 0
A86: R087 | B86: AVENTURA | C86: AVENTURA,FL | D86: US | E86: AMR | F86: US | 115' (3x15' 1x25' 1x40') | NSD 2.0 | R087 | Aventura | G86: Avenues | H86: 1 | I86: 0 | J86: 0 | K86: N/A | W86: US_AIRPODS_10FT X 1 | X86: US_AIRPODS_10FT | Y86: AIRTAG_5FT X 1 | Z86: US_AIRTAG_5FT | AC86: APPLE_MUSIC_10FT X 1 | AD86: US_APPLE_MUSIC_10FT | AE86: TV_PLUS_5FT_FLEX_LP X 1 | AF86: US_TV_PLUS_5FT_FLEX_LP | AK86: ARCADE_10FT X 1 | AL86: US_ARCADE_10FT | AM86: CONNECTED_HOME_5FT X 1 | AN86: US_CONNECTED_HOME_5FT | AO86: US_ESSENTIALS_15FT_MISC X 1 | AP86: US_ESSENTIALS_15FT_MISC | AU86: FITNESS_PLUS_5FT X 1 | AV86: US_FITNESS_PLUS_5FT | BG86: 20FT (D.1) | BH86: US_IPHONE_10FT+US_IPHONE_10FT_2 | BJ86: IPHONE_FEATURES_10FT X 1 | BK86: US_IPHONE_FEATURES_10FT | BL86: 1 | BM86: 0 | BX86: SOFTGOODS_10FT X 1 | BY86: US_SOFTGOODS_10FT | BZ86: US_WATCH_EXTENDED_10FT X 1 | CA86: US_WATCH_EXTENDED_10FT | CD86: 1 | CE86: 1 | CG86: 0 | CH86: 0 | CI86: 0 | CJ86: 0 | CK86: 0 | CL86: 0 | CM86: 0 | CN86: 0 | CO86: 0 | CP86: 0 | CQ86: 0 | CR86: 0 | CS86: 0 | CT86: 0 | CU86: 0 | CV86: 0
A87: R088 | B87: SAGEMORE | C87: MARLTON,NJ | D87: US | E87: AMR | F87: US | 2.12W | HSK Pilot | G87: Vintage | H87: 0 | I87: 0 | J87: 0 | K87: 1,2,3,4 | L87: X | M87: X | N87: X | O87: X | Y87: R_US_AIRTAG_1W X 1 | Z87: R_US_AIRTAG_1W | AS87: FB4 X 1+R_US_FB3 X 1 | AT87: R_US_FB4+R_US_FB3 | BA87: R_US_HOME_1W X 1 | BB87: R_US_HOME_1W | BE87: R_US_IPAD_HERO_2W X 1 | BF87: R_US_IPAD_HERO_2W | BG87: 4W | BH87: R_US_IPHONE_2W_FB2_2W | BN87: R_US_IPHONE_HERO_2W X 1 | BO87: R_US_IPHONE_HERO_2W | BR87: R_US_MAC_HERO_2W X 1 | BS87: R_US_MAC_HERO_2W | BT87: MUSIC_2W_FB1 X 1 | BU87: R_US_MUSIC_2W_FB1 | CB87: R_US_WATCH_HERO_2W X 1 | CC87: R_US_WATCH_HERO_2W | CG87: 0 | CH87: 0 | CI87: 0 | CJ87: 0 | CK87: 0 | CL87: 0 | CM87: 0 | CN87: 0 | CO87: 0 | CP87: 0 | CQ87: 0 | CR87: 0 | CS87: 0 | CT87: 0 | CU87: 0 | CV87: 0
A88: R089 | B88: OLD ORCHARD | C88: SKOKIE,IL | D88: US | E88: AMR | F88: US | 110' (2x55) | NSD 2.0 | R089 Old Orchard | G88: Avenues | H88: 1 | I88: 0 | J88: 0 | K88: N/A | W88: US_AIRPODS_10FT X 1 | X88: US_AIRPODS_10FT | Y88: AIRTAG_5FT X 1 | Z88: US_AIRTAG_5FT | AC88: APPLE_MUSIC_10FT X 1 | AD88: US_APPLE_MUSIC_10FT | AE88: TV_PLUS_5FT_FLEX_LP X 1 | AF88: US_TV_PLUS_5FT_FLEX_LP | AK88: ARCADE_10FT X 1 | AL88: US_ARCADE_10FT | AM88: CONNECTED_HOME_10FT X 1 | AN88: US_CONNECTED_HOME_10FT | AO88: ESSENTIALS_10FT_FLEXBAY X 1 | AP88: US_ESSENTIALS_10FT_FLEXBAY | AU88: FITNESS_PLUS_10FT X 1 | AV88: US_FITNESS_PLUS_10FT | BG88: 10FT (D.1) | BH88: US_IPHONE_10FT | BJ88: IPHONE_FEATURES_10FT X 1 | BK88: US_IPHONE_FEATURES_10FT | BL88: 1 | BM88: 0 | BX88: SOFTGOODS_10FT X 1 | BY88: US_SOFTGOODS_10FT | BZ88: WATCH_10FT X 1 | CA88: US_WATCH_10FT | CD88: 1 | CE88: 1 | CG88: 0 | CH88: 0 | CI88: 0 | CJ88: 0 | CK88: 0 | CL88: 0 | CM88: 0 | CN88: 0 | CO88: 0 | CP88: 0 | CQ88: 0 | CR88: 0 | CS88: 0 | CT88: 0 | CU88: 0 | CV88: 0
A89: R090 | B89: WASHINGTON SQUARE | C89: TIGARD,OR | D89: US | E89: AMR | F89: US | 2.12W | G89: Vintage | H89: 0 | I89: 0 | J89: 0 | K89: 1,2,3,4 | L89: X | M89: X | N89: X | O89: X | AA89: AEA_FB3_2W X 1 | AB89: R_US_AEA_FB3_2W | AO89: ESSENTIALS_4W X 1 | AP89: R_US_ESSENTIALS_4W | AS89: FB4 X 1 | AT89: R_US_FB4 | BG89: 4W | BH89: R_US_IPHONE_2W_FB2_2W | BT89: MUSIC_2W_FB1 X 1 | BU89: R_US_MUSIC_2W_FB1 | BX89: R_US_IPAD_2W X 1+R_US_MAC_1W X 1 | BY89: R_US_IPAD_2W+R_US_MAC_1W | BZ89: WATCH_1W X 1 | CA89: R_US_WATCH_1W | CG89: 0 | CH89: 0 | CI89: 0 | CJ89: 0 | CK89: 0 | CL89: 0 | CM89: 0 | CN89: 0 | CO89: 0 | CP89: 0 | CQ89: 0 | CR89: 0 | CS89: 0 | CT89: 0 | CU89: 0 | CV89: 0
A90: R091 | B90: SHINSAIBASHI | C90: CHUO-KU OSAKA-SHI OSAKA,27 | D90: JP | E90: APAC | F90: JP | 135 (2X5 11X10 1X15 APU | VIN D | 2F | R091 SHINSAIBASH | G90: Avenues | H90: 3 | I90: 0 | J90: 0 | W90: AIRPODS_10FT X 1 | X90: JP_AIRPODS_10FT | AC90: APPLE_MUSIC_10FT X 1 | AD90: JP_APPLE_MUSIC_10FT | AE90: TV_PLUS_10FT_FLEXBAY_LP X 1 | AF90: JP_TV_PLUS_10FT_FLEXBAY_LP | AI90: APU_12.5FT X 1 | AJ90: JP_APU_12.5FT | AK90: ARCADE_5FT X 1 | AL90: JP_ARCADE_5FT | AM90: CONNECTED_HOME_10FT X 1 | AN90: JP_CONNECTED_HOME_10FT | AO90: ESSENTIALS_10FT X 1+ESSENTIALS_15FT X 1 | AP90: JP_ESSENTIALS_10FT_FLEX+JP_ESSENTIALS_15FT_FLEX | BG90: 20FT (D.2) | BH90: JP_IPHONE_10FT_FLEX_2ND+JP_IPHONE_10FT_FLEX | BI90: 2 | BJ90: IPHONE_FEATURES_10FT X 1 | BK90: JP_IPHONE_FEATURES_10FT | BL90: 1 | BM90: 0 | BX90: SOFTGOODS_10FT X 1+SOFTGOODS_AIRTAG_5FT X 1 | BY90: JP_SOFTGOODS_10FT+JP_SOFTGOODS_AIRTAG_5FT | BZ90: WATCH_10FT X 1+WATCH_10FT X 1 | CA90: JP_WATCH_10FT_2ND+JP_WATCH_10FT | CD90: IPHONE_MAC_ACC_10FT X 1 | CE90: IPHONE_ACC_10FT X 1 | CG90: 0 | CH90: 0 | CI90: 0 | CJ90: 0 | CK90: 0 | CL90: 0 | CM90: 0 | CN90: 0 | CO90: 0 | CP90: 0 | CQ90: 0 | CR90: 0 | CS90: SHINSAIBASHI | CT90: 0 | CU90: 0 | CV90: 0
A91: R092 | B91: Regent Street | C91: LONDON,ZZ | D91: GB | E91: EMEIA | F91: 2x25' | 1x20' | 2x60' (2.0) | G91: Avenues | H91: 1 | I91: 0 | J91: 0 | K91: N/A | W91: AIRPODS_10FT X 1 | X91: GB_AIRPODS_10FT | AC91: APPLE_MUSIC_10FT_RS X 1 | AD91: GB_APPLE_MUSIC_10FT_RS | AE91: TV_PLUS_10FT_FLEX_LP X 1 | AF91: GB_TV_PLUS_10FT_FLEX_LP | AK91: ARCADE_15FT X 1 | AL91: GB_ARCADE_15FT | AM91: CONNECTED_HOME_10FT X 1 | AN91: GB_CONNECTED_HOME_10FT | AO91: ESSENTIALS_10FT_RS X 1+ESSENTIALS_15FT_FLEX X 1 | AP91: GB_ESSENTIALS_10FT_RS+GB_ESSENTIALS_15FT_FLEX | AU91: FITNESS_PLUS_10FT X 1 | AV91: GB_FITNESS_PLUS_10FT | AY91: GRAPHIC_10FT X 4+LIVING_WALL_10FT X 2 | AZ91: GB_GRAPHIC_10FT+GB_GRAPHIC_10FT+GB_GRAPHIC_10FT+GB_GRAPHIC_10FT+GB_LIVING_WALL_10FT+GB_LIVING_WALL_10FT | BG91: 10FT (D.1) | BH91: GB_IPHONE_10FT_RS | BJ91: IPHONE_FEATURES_10FT X 1 | BK91: GB_IPHONE_FEATURES_10FT | BL91: 1 | BM91: 0 | BX91: SOFTGOODS_10FT_RS X 1 | BY91: GB_SOFTGOODS_10FT_RS | BZ91: WATCH_EXTENDED_10FT X 1 | CA91: GB_WATCH_EXTENDED_10FT | CD91: 1 | CE91: 1 | CG91: 0 | CH91: 0 | CI91: 0 | CJ91: 0 | CK91: 0 | CL91: 0 | CM91: 0 | CN91: 0 | CO91: 0 | CP91: 0 | CQ91: 0 | CR91: 0 | CS91: 0 | CT91: 0 | CU91: 0 | CV91: 0
A92: R093 | B92: DANBURY FAIR MALL | C92: DANBURY,CT | D92: US | E92: AMR | F92: US | 90’ (2x15 2x30) | NSD 2.0 | R093 | Danbury Fair Mall | G92: Avenues | H92: 1 | I92: 0 | J92: 0 | K92: N/A | W92: US_AIRPODS_10FT X 1 | X92: US_AIRPODS_10FT | AC92: APPLE_MUSIC_10FT X 1 | AD92: US_APPLE_MUSIC_10FT | AE92: TV_PLUS_5FT_FLEX_LP X 1 | AF92: US_TV_PLUS_5FT_FLEX_LP | AK92: ARCADE_10FT X 1 | AL92: US_ARCADE_10FT | AM92: CONNECTED_HOME_5FT X 1 | AN92: US_CONNECTED_HOME_5FT | AO92: ESSENTIALS_10FT X 1 | AP92: US_ESSENTIALS_10FT | AU92: FITNESS_PLUS_5FT X 1 | AV92: US_FITNESS_PLUS_5FT | BG92: 10FT (D.1) | BH92: US_IPHONE_10FT | BJ92: IPHONE_FEATURES_10FT X 1 | BK92: US_IPHONE_FEATURES_10FT | BL92: 1 | BM92: 0 | BX92: US_SOFTGOODS_AIRTAG_5FT X 1 | BY92: US_SOFTGOODS_AIRTAG_5FT | BZ92: WATCH_10FT X 1 | CA92: US_WATCH_10FT | CD92: 1 | CE92: 1 | CG92: 0 | CH92: 0 | CI92: 0 | CJ92: 0 | CK92: 0 | CL92: 0 | CM92: 0 | CN92: 0 | CO92: 0 | CP92: 0 | CQ92: 0 | CR92: 0 | CS92: 0 | CT92: 0 | CU92: 0 | CV92: 0
A93: R094 | B93: VICTORIA GARDENS | C93: RANCHO CUCAMONGA,CA | D93: US | E93: AMR | F93: US | 2.12W (4.6W) | G93: Vintage | H93: 0 | I93: 0 | J93: 0 | K93: 1,2,3,4 | L93: X | M93: X | N93: X | O93: X | AA93: AEA_FB3_2W X 1 | AB93: R_US_AEA_FB3_2W | AO93: ESSENTIALS_4W X 1 | AP93: R_US_ESSENTIALS_4W | AS93: FB4 X 1 | AT93: R_US_FB4 | BG93: 4W | BH93: R_US_IPHONE_2W_FB2_2W | BT93: MUSIC_2W_FB1 X 1 | BU93: R_US_MUSIC_2W_FB1 | BX93: R_US_IPAD_2W X 1+R_US_MAC_1W X 1 | BY93: R_US_IPAD_2W+R_US_MAC_1W | BZ93: WATCH_1W X 1 | CA93: R_US_WATCH_1W | CG93: 0 | CH93: 0 | CI93: 0 | CJ93: 0 | CK93: 0 | CL93: 0 | CM93: 0 | CN93: 0 | CO93: 0 | CP93: 0 | CQ93: 0 | CR93: 0 | CS93: 0 | CT93: 0 | CU93: 0 | CV93: 0
A94: R095 | B94: FIFTH AVENUE | C94: NEW YORK,NY | D94: US | E94: AMR | F94: US | 280' (2x140) | NSD 2.0 | Fifth Avenue | G94: Avenues | H94: 1 | I94: 0 | J94: 0 | K94: N/A | W94: US_AIRPODS_15FT X 1 | X94: US_AIRPODS_15FT | Y94: AIRTAG_10FT X 1 | Z94: US_AIRTAG_10FT | AC94: US_APPLE_MUSIC_10FT_FA X 1 | AD94: US_APPLE_MUSIC_10FT_FA | AE94: TV_PLUS_10FT_FLEX_LP X 1 | AF94: US_TV_PLUS_10FT_FLEX_LP | AK94: ARCADE_15FT X 1 | AL94: US_ARCADE_15FT | AM94: CONNECTED_HOME_10FT X 1 | AN94: US_CONNECTED_HOME_10FT | AO94: ESSENTIALS_15FT X 1+ESSENTIALS_15FT_MULTI_2 X 1 | AP94: US_ESSENTIALS_15FT+US_ESSENTIALS_15FT_MULTI_2 | AU94: FITNESS_PLUS_10FT X 1 | AV94: US_FITNESS_PLUS_10FT | AY94: LIVING_WALL_30FT X 2+US_GRAPHIC_PANEL_15FT X 2+US_GRAPHIC_PANEL_5FT X 3 | AZ94: US_LIVING_WALL_30FT+US_LIVING_WALL_30FT+US_GRAPHIC_PANEL_15FT+US_GRAPHIC_PANEL_15FT+US_GRAPHIC_PANEL_5FT+US_GRAPHIC_PANEL_5FT+US_GRAPHIC_PANEL_5FT | BG94: 20FT (D.1) | BH94: US_IPHONE_10FT+US_IPHONE_10FT_2 | BJ94: IPHONE_FEATURES_15FT X 1 | BK94: US_IPHONE_FEATURES_15FT | BL94: 1 | BM94: 0 | BX94: US_SOFTGOODS_10FT_GR X 1 | BY94: US_SOFTGOODS_10FT_GR | BZ94: AIRPODS_5FT X 1+US_WATCH_EXTENDED_15FT X 1 | CA94: US_CARBON_NEUTRAL_5FT+US_WATCH_EXTENDED_15FT | CD94: 1 | CE94: 1 | CG94: 0 | CH94: 0 | CI94: 0 | CJ94: 0 | CK94: 0 | CL94: 0 | CM94: 0 | CN94: 0 | CO94: 0 | CP94: 0 | CQ94: 0 | CR94: 0 | CS94: 0 | CT94: 0 | CU94: 0 | CV94: 0
A95: R096 | B95: SHADYSIDE | C95: PITTSBURGH,PA | D95: US | E95: AMR | F95: US | 2.16W | Shadyside | G95: Vintage | H95: 1 | I95: 0 | J95: 0 | K95: 1,2,3,4 | L95: X | M95: X | N95: X | O95: X | AA95: AEA_FB3_2W X 1 | AB95: R_US_AEA_FB3_2W | AO95: ESSENTIALS_6W X 1 | AP95: R_US_ESSENTIALS_6W | AS95: FB4 X 1 | AT95: R_US_FB4 | BG95: 10FT (D.2) | BH95: R_US_IPHONE_4W_FB2_4W | BI95: 1 | BT95: MUSIC_2W_FB1_2W X 1 | BU95: R_US_MUSIC_2W_FB1_2W | BX95: R_US_IPAD_2W X 1+R_US_MAC_1W X 1 | BY95: R_US_IPAD_2W+R_US_MAC_1W | BZ95: WATCH_1W X 1 | CA95: R_US_WATCH_1W | CG95: 0 | CH95: 0 | CI95: 0 | CJ95: 0 | CK95: 0 | CL95: 0 | CM95: 0 | CN95: 0 | CO95: 0 | CP95: 0 | CQ95: 0 | CR95: 0 | CS95: 0 | CT95: 0 | CU95: 0 | CV95: 0
A96: R097 | B96: COUNTRY CLUB PLAZA | C96: KANSAS CITY,MO | D96: US | E96: AMR | F96: US | 70’ (1x70) | NSD 2.0 | R097 | Country Club Plaza | G96: Avenues | H96: 1 | I96: 0 | J96: 0 | K96: N/A | W96: US_AIRPODS_10FT X 1 | X96: US_AIRPODS_10FT | AC96: US_APPLE_MUSIC_HPM_10FT X 1 | AD96: US_APPLE_MUSIC_HPM_10FT | AE96: TV_PLUS_10FT_FLEX_LP X 1 | AF96: US_TV_PLUS_10FT_FLEX_LP | AO96: ESSENTIALS_10FT X 1 | AP96: US_ESSENTIALS_10FT | BG96: 10FT (D.1) | BH96: US_IPHONE_10FT | BJ96: IPHONE_FEATURES_10FT X 1 | BK96: US_IPHONE_FEATURES_10FT | BL96: 1 | BM96: 0 | BX96: US_SOFTGOODS_AIRTAG_5FT X 1 | BY96: US_SOFTGOODS_AIRTAG_5FT | BZ96: WATCH_5FT X 1 | CA96: US_WATCH_5FT | CD96: 1 | CE96: 1 | CG96: 0 | CH96: 0 | CI96: 0 | CJ96: 0 | CK96: 0 | CL96: 0 | CM96: 0 | CN96: 0 | CO96: 0 | CP96: 0 | CQ96: 0 | CR96: 0 | CS96: 0 | CT96: 0 | CU96: 0 | CV96: 0
A97: R099 | B97: STANFORD SHOPPING CENTER | C97: PALO ALTO,CA | D97: US | E97: AMR | F97: US | 2.22W (2.10W 4.6W) | 2.LT | R099 | Stanford | G97: Vintage | H97: 0 | I97: 0 | J97: 0 | K97: 1,2,3,4,5,6 | L97: X | M97: X | N97: X | O97: X | P97: X | Q97: X | AA97: AEA_2W_FB3_2W X 1 | AB97: R_US_AEA_2W_FB3_2W | AO97: ESSENTIALS_6W X 1 | AP97: R_US_ESSENTIALS_6W | AS97: FB4 X 1 | AT97: R_US_FB4 | BG97: 6W | BH97: R_US_IPHONE_2W_FB6_2W_FB2_2W | BT97: R_US_MUSIC_2W_FB1_2W_FB5_2W X 1 | BU97: R_US_MUSIC_2W_FB1_2W_FB5_2W | BX97: R_US_SOFTGOODS_8W X 1 | BY97: R_US_SOFTGOODS_8W | BZ97: R_US_WATCH_EXTENDED_2W X 1 | CA97: R_US_WATCH_EXTENDED_2W | CG97: 0 | CH97: 0 | CI97: 0 | CJ97: 0 | CK97: 0 | CL97: 0 | CM97: 0 | CN97: 0 | CO97: 0 | CP97: 0 | CQ97: 0 | CR97: 0 | CS97: 0 | CT97: 0 | CU97: 0 | CV97: 0
A98: R100 | B98: ALDERWOOD MALL | C98: LYNNWOOD,WA | D98: US | E98: AMR | F98: US | 110' (2x55) | NSD 2.0 | V2 | Flexed | Alderwood | G98: Avenues | H98: 1 | I98: 0 | J98: 0 | K98: N/A | W98: US_AIRPODS_10FT X 1 | X98: US_AIRPODS_10FT | Y98: AIRTAG_5FT X 1 | Z98: US_AIRTAG_5FT | AC98: APPLE_MUSIC_10FT X 1 | AD98: US_APPLE_MUSIC_10FT | AE98: TV_PLUS_5FT_FLEX X 1 | AF98: US_TV_PLUS_5FT_FLEX | AK98: ARCADE_10FT X 1 | AL98: US_ARCADE_10FT | AM98: CONNECTED_HOME_10FT X 1 | AN98: US_CONNECTED_HOME_10FT | AO98: ESSENTIALS_10FT_FLEXBAY X 1 | AP98: US_ESSENTIALS_10FT_FLEXBAY | AU98: FITNESS_PLUS_10FT X 1 | AV98: US_FITNESS_PLUS_10FT | BG98: 10FT (D.1) | BH98: US_IPHONE_10FT | BJ98: IPHONE_FEATURES_10FT X 1 | BK98: US_IPHONE_FEATURES_10FT | BL98: 1 | BM98: 0 | BX98: SOFTGOODS_10FT X 1 | BY98: US_SOFTGOODS_10FT | BZ98: WATCH_10FT X 1 | CA98: US_WATCH_10FT | CD98: 1 | CE98: 1 | CG98: 0 | CH98: 0 | CI98: 0 | CJ98: 0 | CK98: 0 | CL98: 0 | CM98: 0 | CN98: 0 | CO98: 0 | CP98: 0 | CQ98: 0 | CR98: 0 | CS98: 0 | CT98: 0 | CU98: 0 | CV98: 0
A99: R101 | B99: STONERIDGE MALL | C99: PLEASANTON,CA | D99: US | E99: AMR | F99: US | 100’ (2x50) | NSD 2.0 | R101 | Stoneridge Mall | G99: Avenues | H99: 1 | I99: 0 | J99: 0 | K99: N/A | W99: US_AIRPODS_10FT X 1 | X99: US_AIRPODS_10FT | Y99: AIRTAG_5FT X 1 | Z99: US_AIRTAG_5FT | AC99: APPLE_MUSIC_10FT X 1 | AD99: US_APPLE_MUSIC_10FT | AE99: TV_PLUS_5FT_FLEX_LP X 1 | AF99: US_TV_PLUS_5FT_FLEX_LP | AK99: ARCADE_10FT X 1 | AL99: US_ARCADE_10FT | AM99: CONNECTED_HOME_10FT X 1 | AN99: US_CONNECTED_HOME_10FT | AO99: ESSENTIALS_10FT X 1 | AP99: US_ESSENTIALS_10FT | AU99: FITNESS_PLUS_5FT X 1 | AV99: US_FITNESS_PLUS_5FT | BG99: 10FT (D.1) | BH99: US_IPHONE_10FT | BJ99: IPHONE_FEATURES_10FT X 1 | BK99: US_IPHONE_FEATURES_10FT | BL99: 1 | BM99: 0 | BX99: SOFTGOODS_5FT X 1 | BY99: US_SOFTGOODS_5FT | BZ99: US_WATCH_EXTENDED_10FT X 1 | CA99: US_WATCH_EXTENDED_10FT | CD99: 1 | CE99: 1 | CG99: 0 | CH99: 0 | CI99: 0 | CJ99: 0 | CK99: 0 | CL99: 0 | CM99: 0 | CN99: 0 | CO99: 0 | CP99: 0 | CQ99: 0 | CR99: 0 | CS99: 0 | CT99: 0 | CU99: 0 | CV99: 0
A100: R102 | B100: CHRISTIANA MALL | C100: NEWARK,DE | D100: US | E100: AMR | F100: US | 2.18W | G100: Vintage | H100: 0 | I100: 0 | J100: 0 | K100: 1,2,3,4,5,6 | L100: X | M100: X | N100: X | O100: X | P100: X | Q100: X | AA100: AEA_FB3_2W_MF X 1 | AB100: R_US_AEA_FB3_2W | AO100: ESSENTIALS_4W_FB5_2W X 1 | AP100: R_US_ESSENTIALS_4W_FB5_2W | AS100: FB4 X 1 | AT100: R_US_FB4 | BG100: 6W | BH100: R_US_IPHONE_4W_FB2_2W | BT100: MUSIC_2W_FB1_2W X 1 | BU100: R_US_MUSIC_2W_FB1_2W | BX100: SOFTGOODS_2W_FB6_2W X 1 | BY100: R_US_SOFTGOODS_2W_FB6_2W | BZ100: R_US_WATCH_2W X 1 | CA100: R_US_WATCH_2W | CG100: 0 | CH100: 0 | CI100: 0 | CJ100: 0 | CK100: 0 | CL100: 0 | CM100: 0 | CN100: 0 | CO100: 0 | CP100: 0 | CQ100: 0 | CR100: 0 | CS100: 0 | CT100: 0 | CU100: 0 | CV100: 0
...

Sheet Reference
A1: Fixture catalog (reference data — do not edit; tool uses this)
A2: type | B2: fixture_class | C2: fixture_type | D2: size_group | E2: variant | F2: touchpoint_count
A3: PZT | B3: Table | C3: iPhone Assortment | D3: 7 ft | E3: All Stores | F3: 21
A4: PZT | B4: Table | C4: iPhone Assortment | D4: 8 ft | E4: All Stores | F4: 21
A5: PZT | B5: Table | C5: iPhone Assortment | D5: 10 ft | E5: All Stores | F5: 21
A6: PZT | B6: Table | C6: iPhone Assortment | D6: 12 ft | E6: All Stores | F6: 21
A7: PZW | B7: Wall | C7: iPhone Assortment | D7: 24-34 ft | E7: All Stores
A8: PZW | B8: Wall | C8: iPhone Hero Comparison | D8: 10 ft | E8: All Stores
A9: PZW | B9: Wall | C9: iPhone Hero Comparison | D9: 12-17 ft | E9: All Stores | F9: 16
A10: PZW | B10: Wall | C10: iPhone Hero Comparison | D10: 18-23 ft | E10: All Stores | F10: 20
A11: PZW | B11: Wall | C11: iPhone Hero Comparison | D11: 24-34 ft | E11: All Stores | F11: 24
A12: PZT | B12: Table | C12: iPhone Hero Comparison 1 | D12: 7 ft | E12: All Stores | F12: 16
A13: PZT | B13: Table | C13: iPhone Hero Comparison 1 | D13: 8 ft | E13: All Stores | F13: 16
A14: PZT | B14: Table | C14: iPhone Hero Comparison 1 | D14: 10 ft | E14: All Stores | F14: 16
A15: PZT | B15: Table | C15: iPhone Hero Comparison 1 | D15: 12 ft | E15: All Stores | F15: 24
A16: PZT | B16: Table | C16: iPhone Hero Comparison 2 | D16: 7 ft | E16: All Stores | F16: 16
A17: PZT | B17: Table | C17: iPhone Hero Comparison 2 | D17: 8 ft | E17: All Stores | F17: 16
A18: PZT | B18: Table | C18: iPhone Hero Comparison 2 | D18: 10 ft | E18: All Stores | F18: 16
A19: PZT | B19: Table | C19: iPhone Hero Comparison 2 | D19: 12 ft | E19: All Stores | F19: 24
A20: PZW | B20: Wall | C20: iPhone Hero and Legacy Wall | D20: 10 ft | E20: All Stores
A21: PZW | B21: Wall | C21: iPhone Hero and Legacy Wall | D21: 12-17 ft | E21: All Stores
A22: PZW | B22: Wall | C22: iPhone Hero and Legacy Wall | D22: 18-23 ft | E22: All Stores
A23: PZW | B23: Wall | C23: iPhone Hero and Legacy Wall | D23: 24-34 ft | E23: All Stores
A24: PZT | B24: Table | C24: iPhone Legacy Comparison | D24: 7 ft | E24: All Stores
A25: PZT | B25: Table | C25: iPhone Legacy Comparison | D25: 8 ft | E25: All Stores
A26: PZT | B26: Table | C26: iPhone Legacy Comparison | D26: 10 ft | E26: All Stores
A27: PZT | B27: Table | C27: iPhone Legacy Comparison | D27: 12 ft | E27: All Stores
A28: PZT | B28: Table | C28: iPhone Legacy Comparison | D28: 15 ft | E28: All Stores
A29: PZW | B29: Wall | C29: iPhone Legacy Comparison | D29: 10 ft | E29: All Stores
A30: PZW | B30: Wall | C30: iPhone Legacy Comparison | D30: 12-17 ft | E30: All Stores
A31: PZW | B31: Wall | C31: iPhone Legacy Comparison | D31: 18-23 ft | E31: All Stores
... A148: PZW | B148: Wall | C148: HomePod Wall | D148: 24-34 ft | E148: All Stores
A150: Avenue catalog (canonical avenues — do not edit)
A151: category | B151: canonical_variant | C151: merged_from_count | D151: merged_from
A152: AIRPODS | B152: AIRPODS_10FT | C152: 8 | D152: AIRPODS_10FT; AIRPODS_10FT_2; AIRPODS_10FT_3; CA_AIRPODS_10FT; MX_AIRPODS_10FT …
A153: AIRPODS | B153: AIRPODS_15FT | C153: 2 | D153: AIRPODS_15FT; US_AIRPODS_15FT
A154: AIRPODS | B154: AIRPODS_5FT | C154: 2 | D154: AIRPODS_5FT; US_AIRPODS_5FT_APVC_NEW
A155: AIRPODS | B155: E_AIRPODS_10FT | C155: 1 | D155: E_AIRPODS_10FT
A156: AIRTAG | B156: AIRTAG_10FT | C156: 2 | D156: AIRTAG_10FT; AIRTAG_10FT_MS
A157: AIRTAG | B157: AIRTAG_5FT | C157: 3 | D157: AIRTAG_5FT; CA_AIRTAG_5FT; MX_AIRTAG_5FT
A158: APPLE MUSIC | B158: APPLE_MUSIC_10FT | C158: 11 | D158: APPLE_MUSIC_10FT; APPLE_MUSIC_10FT_CE; APPLE_MUSIC_10FT_EC; APPLE_MUSIC_10FT_MF; APPLE_MUSIC_10FT_MS …
A159: APPLE MUSIC | B159: APPLE_MUSIC_15FT | C159: 2 | D159: APPLE_MUSIC_15FT; US_APPLE_MUSIC_15FT
A160: APPLE MUSIC | B160: APPLE_MUSIC_5FT | C160: 2 | D160: APPLE_MUSIC_5FT; APPLE_MUSIC_5FT_UES
A161: APPLE MUSIC | B161: APPLE_MUSIC_HPM_5FT | C161: 1 | D161: US_APPLE_MUSIC_HPM_5FT
A162: APPLE MUSIC | B162: E_APPLE_MUSIC_10FT | C162: 2 | D162: E_APPLE_MUSIC_10FT; E_APPLE_MUSIC_10FT_HOMEPOD
... A207: WATCH | B207: WATCH_STUDIO_10FT | C207: 3 | D207: US_E_WATCH_STUDIO_10FT; WATCH_STUDIO_10FT; WATCH_STUDIO_10FT
A209: Raw avenue variant → canonical mapping (do not edit)
A210: category | B210: raw_variant | C210: canonical_variant
A211: AIRPODS | B211: AIRPODS_10FT | C211: AIRPODS_10FT
A212: AIRPODS | B212: AIRPODS_10FT_2 | C212: AIRPODS_10FT
A213: AIRPODS | B213: AIRPODS_10FT_3 | C213: AIRPODS_10FT
A214: AIRPODS | B214: CA_AIRPODS_10FT | C214: AIRPODS_10FT
A215: AIRPODS | B215: MX_AIRPODS_10FT | C215: AIRPODS_10FT
A216: AIRPODS | B216: US_AIRPODS_10FT | C216: AIRPODS_10FT
A217: AIRPODS | B217: US_AIRPODS_10FT_MS | C217: AIRPODS_10FT
A218: AIRPODS | B218: US_E_AIRPODS_10FT | C218: AIRPODS_10FT
A219: AIRPODS | B219: AIRPODS_15FT | C219: AIRPODS_15FT
A220: AIRPODS | B220: US_AIRPODS_15FT | C220: AIRPODS_15FT
A221: AIRPODS | B221: AIRPODS_5FT | C221: AIRPODS_5FT
... A347: WATCH | B347: WATCH_STUDIO_10FT | C347: WATCH_STUDIO_10FT
